LinkId,Geometry
100864,"LINESTRING(356131.52962 6688982.11468,356122.32785 6688978.07214,356118.87534 6688977.62580,356114.69224 6688977.78901,356111.43198 6688978.31070,356063.03732 6688989.44478,356061.13721 6688989.88810,356055.13182 6688990.92410)"
100865,"LINESTRING(356060.66489 6688920.79939,356066.41775 6688922.61513,356098.34904 6688931.13311,356112.63503 6688934.86034,356122.62555 6688937.72254,356135.07445 6688941.27754)"
100866,"LINESTRING(356136.84924 6689077.83828,356150.34015 6689080.79918,356164.62212 6689083.93706,356181.53756 6689092.38618,356207.35129 6689105.27376,356210.47334 6689107.48600)"
100867,"LINESTRING(356121.73195 6689283.68754,356117.34175 6689279.99078,356116.34928 6689278.42356,356115.65591 6689276.12702)"
100868,"LINESTRING(356115.65591 6689276.12702,356115.04891 6689270.98832,356114.71924 6689263.95330,356115.63433 6689259.70598)"
100869,"LINESTRING(356339.08391 6689196.90798,356337.61282 6689196.77019,356335.54129 6689196.21081,356333.20816 6689195.32159,356306.10727 6689182.31850,356264.06534 6689161.70925,356253.00276 6689156.41633,356232.84291 6689146.65192,356222.13702 6689141.76131,356213.22700 6689139.09260)"
100870,"LINESTRING(356223.15923 6689118.58219,356229.64263 6689125.31827,356290.06635 6689154.82628,356313.95860 6689166.47872,356315.22229 6689167.09575,356321.52996 6689170.12590,356327.84518 6689173.15562,356334.15284 6689176.18578,356340.46804 6689179.21551,356350.16583 6689184.37579)"
101024,"LINESTRING(355401.63327 6690017.78047,355406.19587 6690018.81870,355427.51423 6690023.46201,355432.94846 6690024.76144)"
101026,"LINESTRING(355432.94846 6690024.76144,355434.78972 6690025.66759,355440.94725 6690030.04062)"
101244,"LINESTRING(355757.79331 6688723.57398,355752.63056 6688720.03328,355750.18272 6688717.94926)"
101245,"LINESTRING(355750.18272 6688717.94926,355747.41035 6688715.62806)"
101246,"LINESTRING(355747.41035 6688715.62806,355741.60906 6688710.74457)"
101247,"LINESTRING(355886.70605 6688745.40005,355892.59300 6688746.90750,355936.82620 6688753.11307)"
101248,"LINESTRING(355936.82620 6688753.11307,355892.59300 6688746.90750,355886.70605 6688745.40005)"
101249,"LINESTRING(356021.81770 6688713.93307,356122.14750 6688754.99135,356219.80432 6688795.08151,356226.54686 6688798.01976,356230.70632 6688800.33914)"
101251,"LINESTRING(355911.98083 6688665.54727,355909.41455 6688671.26948,355907.66051 6688677.53455,355888.47371 6688739.63487,355886.70605 6688745.40005)"
101252,"LINESTRING(355886.70605 6688745.40005,355888.47371 6688739.63487,355907.66051 6688677.53455,355909.41455 6688671.26948,355911.98083 6688665.54727)"
102121,"LINESTRING(356157.22726 6689660.68957,356182.84087 6689600.03307)"
102122,"LINESTRING(356225.08937 6689658.87051,356242.16107 6689624.40805)"
102123,"LINESTRING(356242.16107 6689624.40805,356225.08937 6689658.87051)"
102141,"LINESTRING(356121.83817 6689650.90213,356135.33329 6689627.91635)"
102142,"LINESTRING(356135.33329 6689627.91635,356121.83817 6689650.90213)"
102144,"LINESTRING(356005.00220 6689624.00310,356009.85516 6689626.39357,356036.41176 6689639.70481,356067.11130 6689654.40175,356094.13021 6689667.45293,356103.07924 6689644.64011,356118.11306 6689650.05985,356121.83817 6689650.90213)"
102145,"LINESTRING(356121.83817 6689650.90213,356157.22726 6689660.68957)"
102952,"LINESTRING(355797.16162 6690050.42181,355792.66586 6690059.60448,355791.45929 6690062.07738,355790.67274 6690063.94747,355786.24954 6690071.23450)"
103646,"LINESTRING(355378.31976 6689782.81547,355378.12156 6689779.12186,355375.83241 6689755.11001,355371.67499 6689706.10514,355371.60492 6689705.28584,355371.22742 6689701.11303)"
103647,"LINESTRING(355371.22742 6689701.11303,355370.82827 6689696.69670,355368.89440 6689670.30556,355368.54070 6689665.36366)"
10421,"LINESTRING(356130.40048 6689430.79933,356119.57992 6689420.23003)"
10422,"LINESTRING(356119.57992 6689420.23003,356130.40048 6689430.79933)"
10436,"LINESTRING(356179.25379 6689469.51794,356178.81053 6689473.27076,356177.67543 6689476.46264,356175.97139 6689479.25338,356173.38003 6689481.90612)"
10437,"LINESTRING(356173.38003 6689481.90612,356170.73256 6689483.71650,356167.39078 6689485.05509,356163.80783 6689485.62874,356159.96155 6689485.31635)"
10438,"LINESTRING(356159.96155 6689485.31635,356156.70660 6689484.34681,356153.03314 6689482.16639,356150.24760 6689479.34511,356148.21398 6689475.89080)"
10439,"LINESTRING(356148.21398 6689475.89080,356147.39336 6689473.49033,356146.91909 6689470.39120,356147.00929 6689467.61557,356147.46006 6689465.30872)"
10440,"LINESTRING(356147.46006 6689465.30872,356148.30180 6689462.94595,356149.99880 6689460.03322,356152.06340 6689457.71124,356154.13805 6689456.08963)"
10441,"LINESTRING(356154.13805 6689456.08963,356152.06340 6689457.71124,356149.99880 6689460.03322,356148.30180 6689462.94595,356147.46006 6689465.30872,356147.00929 6689467.61557,356146.91909 6689470.39120,356147.39336 6689473.49033,356148.21398 6689475.89080,356150.24760 6689479.34511,356153.03314 6689482.16639,356156.70660 6689484.34681,356159.96155 6689485.31635,356163.80783 6689485.62874,356167.39078 6689485.05509,356170.73256 6689483.71650,356173.38003 6689481.90612,356175.97139 6689479.25338,356177.67543 6689476.46264,356178.81053 6689473.27076,356179.25379 6689469.51794)"
10546,"LINESTRING(356119.57992 6689420.23003,356105.73139 6689409.86866,356097.40421 6689405.07482,356090.34538 6689401.24262,356069.05566 6689390.67607,356057.93662 6689386.10999,356031.70303 6689376.84105,356010.98714 6689368.86741)"
10547,"LINESTRING(356010.98714 6689368.86741,356031.70303 6689376.84105,356057.93662 6689386.10999,356069.05566 6689390.67607,356090.34538 6689401.24262,356097.40421 6689405.07482,356105.73139 6689409.86866,356119.57992 6689420.23003)"
10602,"LINESTRING(356081.89321 6689478.57862,356080.30976 6689480.96190)"
10603,"LINESTRING(356080.30976 6689480.96190,356078.50207 6689484.71550,356076.05972 6689488.50570,356072.16272 6689493.62588,356060.83783 6689507.05164,356051.13651 6689525.10134,356049.29149 6689528.60121,356043.25155 6689532.71008)"
107516,"LINESTRING(354985.10065 6690041.24383,354993.69768 6690034.31560,354999.46680 6690029.47578,355044.34071 6689996.16095)"
107517,"LINESTRING(355038.17882 6689815.13554,355031.35191 6689820.82643,355028.97254 6689822.67748,355018.76142 6689831.45693,355008.62821 6689841.84522)"
107876,"LINESTRING(355497.89755 6689576.63731,355509.02173 6689580.50111,355511.20810 6689580.68640,355535.97652 6689583.35075,355539.93740 6689584.33483,355554.53668 6689590.87978)"
107877,"LINESTRING(355554.53668 6689590.87978,355570.56047 6689597.01986,355577.61114 6689598.73793,355586.91101 6689603.83095)"
107878,"LINESTRING(355586.91101 6689603.83095,355587.32906 6689610.41582,355587.32210 6689614.36605,355587.91148 6689659.50472,355587.99251 6689662.61540,355588.11899 6689667.16987)"
107879,"LINESTRING(355588.11899 6689667.16987,355587.99251 6689662.61540,355587.91148 6689659.50472,355587.32210 6689614.36605,355587.32906 6689610.41582,355586.91101 6689603.83095)"
10805,"LINESTRING(355238.45044 6689087.48061,355241.80235 6689081.72379,355242.92559 6689079.64503)"
10806,"LINESTRING(355242.92559 6689079.64503,355241.80235 6689081.72379,355238.45044 6689087.48061)"
108379,"LINESTRING(354783.15001 6689133.36661,354778.36328 6689131.35154,354732.12516 6689111.45172,354730.66418 6689110.83530)"
108391,"LINESTRING(354730.66418 6689110.83530,354730.19864 6689111.83023,354729.56230 6689113.28010,354719.62350 6689135.95217)"
109470,"LINESTRING(354816.43033 6689329.36760,354801.93064 6689338.98520,354746.98967 6689376.44454,354746.38129 6689376.93592,354746.12354 6689377.32913,354745.95305 6689378.05109,354745.74728 6689379.34252,354745.37260 6689381.64511,354744.95415 6689384.23951)"
109475,"LINESTRING(354845.45169 6689208.29187,354841.57138 6689215.91536,354839.52619 6689220.13930,354837.96930 6689224.02345,354829.21740 6689266.82098,354828.09549 6689272.32666,354816.43033 6689329.36760)"
109476,"LINESTRING(354816.43033 6689329.36760,354813.98485 6689341.34752,354806.84636 6689376.25221,354806.76867 6689376.61275,354806.51563 6689377.87354)"
109773,"LINESTRING(355238.45044 6689087.48061,355239.60135 6689089.16094,355239.63472 6689091.05048,355238.67024 6689095.08942,355237.89369 6689096.86999,355234.46016 6689104.75666,355232.66797 6689108.50964,355231.41570 6689111.89764,355230.42533 6689115.22600)"
109774,"LINESTRING(355230.42533 6689115.22600,355231.41570 6689111.89764,355232.66797 6689108.50964,355234.46016 6689104.75666,355237.89369 6689096.86999,355238.67024 6689095.08942,355239.63472 6689091.05048,355239.60135 6689089.16094,355238.45044 6689087.48061)"
110327,"LINESTRING(355111.44885 6688953.20490,355108.85721 6688947.32426,355104.47341 6688939.03266,355098.70895 6688930.46483,355092.73256 6688922.82161,355086.75866 6688916.40215,355082.90427 6688912.28570,355078.77699 6688906.72749)"
110336,"LINESTRING(354924.76940 6688824.76370,354919.75465 6688825.88819,354915.44999 6688827.36104,354911.41288 6688828.74053)"
11110,"LINESTRING(355155.11409 6689687.50980,355151.46380 6689691.63726,355110.43746 6689738.05800,355086.73906 6689764.51795,355047.19125 6689807.64932,355043.34512 6689811.00934,355038.17882 6689815.13554)"
111576,"LINESTRING(355800.69354 6689166.78230,355758.42191 6689137.50016)"
111577,"LINESTRING(355758.42191 6689137.50016,355800.69354 6689166.78230)"
111578,"LINESTRING(355758.42191 6689137.50016,355706.86825 6689102.40082)"
111579,"LINESTRING(355706.86825 6689102.40082,355758.42191 6689137.50016)"
111769,"LINESTRING(356393.03391 6689355.18595,356397.02339 6689347.19011,356403.17865 6689339.54798,356406.94631 6689335.20319)"
111978,"LINESTRING(354912.39153 6689703.14690,354905.70578 6689709.57524,354899.43731 6689716.40225,354895.23032 6689720.86250)"
111979,"LINESTRING(354895.23032 6689720.86250,354899.43731 6689716.40225,354905.70578 6689709.57524,354912.39153 6689703.14690)"
111990,"LINESTRING(355729.17856 6689196.18720,355760.75449 6689213.66933,355772.31112 6689219.63380,355782.84252 6689226.22489,355795.65903 6689236.94551)"
111991,"LINESTRING(355795.65903 6689236.94551,355782.84252 6689226.22489,355772.31112 6689219.63380,355760.75449 6689213.66933,355729.17856 6689196.18720)"
111992,"LINESTRING(355795.65903 6689236.94551,355803.36244 6689242.87643,355806.11775 6689246.08873,355807.79179 6689249.21876,355811.87548 6689255.61442,355812.97074 6689257.25355)"
111993,"LINESTRING(355825.53278 6689263.82770,355828.65182 6689264.01494,355833.20045 6689264.40900,355840.32006 6689266.13455,355851.50779 6689270.30687)"
111994,"LINESTRING(355851.50779 6689270.30687,355839.03292 6689271.68290,355833.50707 6689272.74711,355825.22207 6689275.39465)"
111995,"LINESTRING(355798.14310 6689331.25285,355801.53769 6689324.25888,355804.66635 6689316.33452,355808.52930 6689304.31786)"
111996,"LINESTRING(355808.52930 6689304.31786,355804.66635 6689316.33452,355801.53769 6689324.25888,355798.14310 6689331.25285)"
111997,"LINESTRING(355819.49020 6689280.50959,355816.71936 6689285.17556,355814.08682 6689290.26747,355808.52930 6689304.31786)"
112005,"LINESTRING(356074.96921 6689353.72993,356069.98159 6689350.19003,356033.40165 6689324.38314,356023.93213 6689317.53015,356002.19492 6689302.62814,355998.79319 6689300.29862,355914.89229 6689242.95222,355913.11674 6689241.74172)"
112006,"LINESTRING(355913.11674 6689241.74172,355914.89229 6689242.95222,355998.79319 6689300.29862,356002.19492 6689302.62814,356023.93213 6689317.53015,356033.40165 6689324.38314,356069.98159 6689350.19003,356074.96921 6689353.72993)"
112007,"LINESTRING(355913.11674 6689241.74172,355910.93792 6689240.24295,355904.46459 6689235.92101,355871.16844 6689213.70858,355825.78456 6689184.08258,355809.43245 6689172.92053,355806.41746 6689170.85809,355800.69354 6689166.78230)"
112008,"LINESTRING(355800.69354 6689166.78230,355806.41746 6689170.85809,355809.43245 6689172.92053,355825.78456 6689184.08258,355871.16844 6689213.70858,355904.46459 6689235.92101,355910.93792 6689240.24295,355913.11674 6689241.74172)"
112214,"LINESTRING(355290.43642 6689884.17994,355294.60233 6689876.90739,355320.43897 6689840.61147,355325.42740 6689835.37205,355331.00332 6689829.54238,355334.99401 6689825.79590)"
112215,"LINESTRING(355334.99401 6689825.79590,355331.00332 6689829.54238,355325.42740 6689835.37205,355320.43897 6689840.61147,355294.60233 6689876.90739,355290.43642 6689884.17994)"
112216,"LINESTRING(355334.99401 6689825.79590,355337.30315 6689823.51512)"
112217,"LINESTRING(355337.30315 6689823.51512,355334.99401 6689825.79590)"
112218,"LINESTRING(355337.30315 6689823.51512,355339.69821 6689821.54091,355345.47372 6689816.93474,355347.86817 6689815.60589)"
112219,"LINESTRING(355347.86817 6689815.60589,355345.47372 6689816.93474,355339.69821 6689821.54091,355337.30315 6689823.51512)"
112220,"LINESTRING(355290.43642 6689884.17994,355242.78886 6689830.44494,355234.64066 6689816.68525)"
112221,"LINESTRING(355234.64066 6689816.68525,355242.78886 6689830.44494,355290.43642 6689884.17994)"
112625,"LINESTRING(354948.54883 6688827.43849,354980.90910 6688845.29417,355024.41903 6688866.51084,355039.26565 6688873.75243)"
112634,"LINESTRING(354944.97317 6688833.51996,354941.95561 6688832.47057)"
112639,"LINESTRING(355084.98334 6688902.08509,355088.27382 6688908.38151,355091.21527 6688912.05005)"
112640,"LINESTRING(355047.81093 6688879.01069,355053.48556 6688880.90789,355061.48062 6688886.35375,355071.22819 6688893.00009,355075.17504 6688894.51876)"
113825,"LINESTRING(355078.77699 6688906.72749,355078.32924 6688906.71999,355077.88020 6688906.69032,355077.43616 6688906.61585,355076.99840 6688906.51877,355076.57446 6688906.39863,355076.14861 6688906.24523,355075.74349 6688906.05725,355075.34466 6688905.84665,355074.96721 6688905.61257,355074.60359 6688905.35543,355074.26071 6688905.06372,355073.93231 6688904.76004,355073.63285 6688904.43243,355073.35478 6688904.08134,355073.09874 6688903.71785,355072.86408 6688903.33087,355072.65965 6688902.94214,355072.48416 6688902.52948)"
113826,"LINESTRING(355072.48416 6688902.52948,355072.29150 6688901.95093,355072.15109 6688901.35822,355072.06294 6688900.75137,355072.03524 6688900.14103,355072.06043 6688899.52762,355072.14672 6688898.92182,355072.28654 6688898.32404,355072.48054 6688897.74538,355072.72871 6688897.18585,355073.02415 6688896.65696,355073.37440 6688896.15828,355073.76372 6688895.67960,355074.19403 6688895.25417,355074.67160 6688894.85940,355075.17504 6688894.51876)"
113827,"LINESTRING(355075.17504 6688894.51876,355075.63007 6688894.25880,355076.09523 6688894.04277,355076.58498 6688893.85869,355077.08484 6688893.71853,355077.59419 6688893.61120,355078.11366 6688893.54779,355078.62814 6688893.52918,355079.15209 6688893.54339,355079.66350 6688893.60284,355080.17747 6688893.70664,355080.67825 6688893.84459,355081.16584 6688894.01668,355081.64089 6688894.23400,355082.09518 6688894.48589,355082.52873 6688894.77237)"
113828,"LINESTRING(355082.52873 6688894.77237,355082.84573 6688895.00995,355083.14954 6688895.28167,355083.43824 6688895.55426,355083.71375 6688895.86100,355083.95903 6688896.16948,355084.19048 6688896.50102,355084.40746 6688896.84452,355084.59485 6688897.20085,355084.76022 6688897.56959,355084.91047 6688897.93920,355085.06086 6688898.44231,355085.17411 6688898.95870,355085.24958 6688899.47727,355085.28035 6688900.00956,355085.27270 6688900.53294,355085.21215 6688901.05937,355085.12073 6688901.57647,355084.98334 6688902.08509)"
113829,"LINESTRING(355084.98334 6688902.08509,355085.12073 6688901.57647,355085.21215 6688901.05937,355085.27270 6688900.53294,355085.28035 6688900.00956,355085.24958 6688899.47727,355085.17411 6688898.95870,355085.06086 6688898.44231,355084.91047 6688897.93920,355084.76022 6688897.56959,355084.59485 6688897.20085,355084.40746 6688896.84452,355084.19048 6688896.50102,355083.95903 6688896.16948,355083.71375 6688895.86100,355083.43824 6688895.55426,355083.14954 6688895.28167,355082.84573 6688895.00995,355082.52873 6688894.77237,355082.09518 6688894.48589,355081.64089 6688894.23400,355081.16584 6688894.01668,355080.67825 6688893.84459,355080.17747 6688893.70664,355079.66350 6688893.60284,355079.15209 6688893.54339,355078.62814 6688893.52918,355078.11366 6688893.54779,355077.59419 6688893.61120,355077.08484 6688893.71853,355076.58498 6688893.85869,355076.09523 6688894.04277,355075.63007 6688894.25880,355075.17504 6688894.51876,355074.67160 6688894.85940,355074.19403 6688895.25417,355073.76372 6688895.67960,355073.37440 6688896.15828,355073.02415 6688896.65696,355072.72871 6688897.18585,355072.48054 6688897.74538,355072.28654 6688898.32404,355072.14672 6688898.92182,355072.06043 6688899.52762,355072.03524 6688900.14103,355072.06294 6688900.75137,355072.15109 6688901.35822,355072.29150 6688901.95093,355072.48416 6688902.52948,355072.65965 6688902.94214,355072.86408 6688903.33087,355073.09874 6688903.71785,355073.35478 6688904.08134,355073.63285 6688904.43243,355073.93231 6688904.76004,355074.26071 6688905.06372,355074.60359 6688905.35543,355074.96721 6688905.61257,355075.34466 6688905.84665,355075.74349 6688906.05725,355076.14861 6688906.24523,355076.57446 6688906.39863,355076.99840 6688906.51877,355077.43616 6688906.61585,355077.88020 6688906.69032,355078.32924 6688906.71999,355078.77699 6688906.72749)"
113840,"LINESTRING(355072.48416 6688902.52948,355067.57194 6688899.78710,355057.02450 6688892.41929,355052.18907 6688889.03828,355048.54308 6688888.00292,355044.90397 6688888.13542)"
113841,"LINESTRING(355032.29184 6688881.64361,355029.36733 6688877.35105,355026.43215 6688874.31637,355021.73443 6688872.00668,354944.97317 6688833.51996)"
113843,"LINESTRING(355091.21527 6688912.05005,355103.14498 6688926.93728,355109.91123 6688935.39157,355115.38957 6688941.89533,355120.21322 6688946.77912,355125.11830 6688951.23540,355129.42204 6688955.12563)"
113844,"LINESTRING(355158.63070 6688964.38572,355154.15263 6688967.44836,355151.52975 6688968.63470,355149.50611 6688969.56387,355146.44999 6688971.38720)"
113845,"LINESTRING(356585.34495 6689135.75402,356575.00946 6689123.33131)"
113847,"LINESTRING(355190.96146 6688965.48798,355198.93130 6688964.86052,355206.91952 6688965.60054,355221.88642 6688968.89690,355228.59870 6688971.43525,355234.59874 6688973.32494,355240.98711 6688975.63724,355248.87716 6688979.00879,355256.76990 6688982.55822,355261.56745 6688984.76219,355264.77661 6688986.11220,355273.85091 6688989.24846)"
114962,"LINESTRING(356010.77198 6689084.13771,356008.04204 6689088.33392,355978.94467 6689135.52890,355977.38086 6689138.12246)"
116583,"LINESTRING(356139.65354 6689408.64780,356106.01448 6689392.68460,356064.46558 6689372.07061,356040.88353 6689359.87836,356023.59996 6689350.42727,356002.99096 6689338.78696,355978.88506 6689324.08836,355940.73254 6689300.07500,355892.97292 6689269.46178)"
116584,"LINESTRING(355892.97292 6689269.46178,355940.73254 6689300.07500,355978.88506 6689324.08836,356002.99096 6689338.78696,356023.59996 6689350.42727,356040.88353 6689359.87836,356064.46558 6689372.07061,356106.01448 6689392.68460,356139.65354 6689408.64780)"
116585,"LINESTRING(355892.97292 6689269.46178,355869.71657 6689254.78136,355845.58729 6689240.74106,355783.84584 6689207.74195,355705.39071 6689167.18519,355555.73910 6689089.47185)"
116586,"LINESTRING(355555.73910 6689089.47185,355705.39071 6689167.18519,355783.84584 6689207.74195,355845.58729 6689240.74106,355869.71657 6689254.78136,355892.97292 6689269.46178)"
11723,"LINESTRING(355067.04655 6689644.57971,355075.36137 6689640.49405,355081.20040 6689637.64192,355087.80857 6689633.27665,355090.97512 6689630.22298,355092.76388 6689627.07096,355094.22941 6689623.70397,355096.96325 6689618.67259)"
11730,"LINESTRING(355106.29477 6689634.53333,355094.96800 6689638.97110,355086.22136 6689641.35711,355078.57442 6689642.83396,355067.04655 6689644.57971)"
117926,"LINESTRING(354834.34174 6688882.43242,354837.95519 6688884.21500,354850.90387 6688890.75370,354869.65216 6688900.03895,354882.20166 6688906.10012,354932.20657 6688931.46886,354936.01093 6688933.40735,354938.62168 6688940.53297,354943.98091 6688943.13814,354976.40947 6688958.77568)"
117927,"LINESTRING(354976.40947 6688958.77568,354943.98091 6688943.13814,354938.62168 6688940.53297,354936.01093 6688933.40735,354932.20657 6688931.46886,354882.20166 6688906.10012,354869.65216 6688900.03895,354850.90387 6688890.75370,354837.95519 6688884.21500,354834.34174 6688882.43242)"
117928,"LINESTRING(354976.40947 6688958.77568,355009.36075 6688975.85184,355018.40032 6688974.45020,355044.52717 6688987.97128,355051.50828 6688991.61765,355063.60226 6689000.29795,355070.12704 6689004.18212)"
117929,"LINESTRING(355070.12704 6689004.18212,355063.60226 6689000.29795,355051.50828 6688991.61765,355044.52717 6688987.97128,355018.40032 6688974.45020,355009.36075 6688975.85184,354976.40947 6688958.77568)"
11807,"LINESTRING(355992.45398 6689397.17298,355994.01510 6689403.08000,355996.51828 6689406.91886,355999.79692 6689410.40147,356004.10929 6689413.66872,356008.41932 6689415.71221,356013.81476 6689416.85867,356020.29450 6689416.56296,356026.99935 6689415.17504,356033.24271 6689413.14615,356039.61337 6689409.77479,356046.99964 6689404.16415)"
118992,"LINESTRING(355308.34858 6688984.16233,355313.06197 6688986.61597,355321.51855 6688989.82137,355375.30625 6689011.55939,355404.93660 6689023.27745,355421.53653 6689028.99452)"
118993,"LINESTRING(355421.53653 6689028.99452,355404.93660 6689023.27745,355375.30625 6689011.55939,355321.51855 6688989.82137,355313.06197 6688986.61597,355308.34858 6688984.16233)"
119097,"LINESTRING(354961.24639 6690034.17856,354966.89856 6690035.44272,354985.10065 6690041.24383)"
119098,"LINESTRING(355204.35718 6689877.02666,355207.95365 6689913.54682,355207.68603 6689924.65524)"
119103,"LINESTRING(355085.72884 6689859.67317,355081.32010 6689855.39965)"
119104,"LINESTRING(355027.13847 6689807.08426,355022.99099 6689804.05294,354972.25194 6689756.29553,354920.03253 6689709.82579,354918.55653 6689708.55375,354916.99550 6689707.25325,354912.39153 6689703.14690)"
119192,"LINESTRING(355604.66712 6689808.19705,355576.32175 6689846.10514,355575.36467 6689847.38429)"
119236,"LINESTRING(355575.36467 6689847.38429,355555.49003 6689874.71192,355554.28901 6689876.36119,355552.87915 6689878.20055)"
121705,"LINESTRING(355755.68951 6688869.24859,355756.59267 6688867.29390,355773.35459 6688830.61169,355779.35968 6688817.21420)"
121706,"LINESTRING(355779.35968 6688817.21420,355773.35459 6688830.61169,355756.59267 6688867.29390,355755.68951 6688869.24859)"
121966,"LINESTRING(355476.29504 6689647.56871,355487.85346 6689647.40192,355487.95988 6689647.40690,355498.84305 6689648.28050)"
121971,"LINESTRING(355529.91156 6689635.20450,355531.19791 6689633.19425,355533.30307 6689630.79181,355536.71468 6689628.30282,355539.50611 6689626.49496,355546.75412 6689622.57170)"
121972,"LINESTRING(355546.75412 6689622.57170,355574.11708 6689609.91016,355586.91101 6689603.83095)"
121975,"LINESTRING(355546.75412 6689622.57170,355545.14726 6689616.66741,355554.53668 6689590.87978)"
124537,"LINESTRING(354918.64808 6689056.74538,354926.43823 6689063.23766,354929.13301 6689066.44196,354931.97376 6689070.72820)"
124844,"LINESTRING(354780.81471 6688940.34854,354804.20668 6688960.31322)"
125272,"LINESTRING(355211.46653 6689593.29511,355209.64785 6689588.71604,355207.77336 6689582.51575,355206.45451 6689570.97610,355205.07369 6689557.31490,355204.35355 6689548.78926,355202.31062 6689487.46782,355201.08597 6689470.08141)"
125273,"LINESTRING(355201.08597 6689470.08141,355202.31062 6689487.46782,355204.35355 6689548.78926,355205.07369 6689557.31490,355206.45451 6689570.97610,355207.77336 6689582.51575,355209.64785 6689588.71604,355211.46653 6689593.29511)"
128248,"LINESTRING(355943.99076 6688894.98184,355937.14488 6688892.75081,355872.59307 6688877.98169,355847.31443 6688871.77371)"
128271,"LINESTRING(356114.06766 6689305.39147,356120.34970 6689286.53764,356121.73195 6689283.68754)"
128458,"LINESTRING(355277.66902 6689002.71319,355274.06106 6689010.07585,355271.46801 6689015.32150,355256.94715 6689045.06657,355244.26972 6689069.84298,355242.25979 6689073.76431,355240.80104 6689076.59679,355240.51318 6689077.78169,355240.87782 6689078.45045,355242.09772 6689079.22556,355242.92559 6689079.64503)"
128459,"LINESTRING(355242.92559 6689079.64503,355242.09772 6689079.22556,355240.87782 6689078.45045,355240.51318 6689077.78169,355240.80104 6689076.59679,355242.25979 6689073.76431,355244.26972 6689069.84298,355256.94715 6689045.06657,355271.46801 6689015.32150,355274.06106 6689010.07585,355277.66902 6689002.71319)"
128504,"LINESTRING(355951.33164 6688897.25110,355943.99076 6688894.98184)"
128505,"LINESTRING(355943.99076 6688894.98184,355951.33164 6688897.25110)"
128926,"LINESTRING(355227.52152 6689145.26789,355231.03627 6689148.75872,355244.92525 6689162.14219,355248.83327 6689165.35440,355255.99019 6689170.08122,355265.25500 6689175.07566,355294.10465 6689191.92297,355302.34599 6689196.78746,355312.52962 6689202.59675,355318.67492 6689205.82439,355354.94505 6689223.70084,355383.65058 6689236.61818,355384.80716 6689237.08544,355385.96375 6689237.55270,355388.99998 6689238.66798,355392.46062 6689239.12454,355396.40573 6689239.17484,355399.85138 6689239.10934)"
129512,"LINESTRING(355182.24102 6689096.51448,355184.13572 6689097.02806,355185.51458 6689098.06100,355196.25967 6689108.98913,355207.28195 6689121.95962)"
131444,"LINESTRING(355159.88077 6689455.99597,355139.21793 6689453.55200)"
131445,"LINESTRING(355139.21793 6689453.55200,355159.88077 6689455.99597)"
132397,"LINESTRING(355430.05588 6689658.77298,355435.76752 6689658.17607,355460.31090 6689657.60422,355466.73071 6689657.45600,355475.67532 6689657.18423)"
132398,"LINESTRING(355475.67532 6689657.18423,355466.73071 6689657.45600,355460.31090 6689657.60422,355435.76752 6689658.17607,355430.05588 6689658.77298)"
1348,"LINESTRING(356560.84233 6689111.90801,356554.72322 6689108.33270,356442.59653 6689039.45277)"
134800,"LINESTRING(356086.67925 6689129.05098,356076.34452 6689122.44804,356013.61344 6689085.82085,356010.77198 6689084.13771)"
134801,"LINESTRING(356010.77198 6689084.13771,356013.61344 6689085.82085,356076.34452 6689122.44804,356086.67925 6689129.05098)"
134803,"LINESTRING(355687.15749 6689089.93086,355694.59513 6689087.30978,355699.93768 6689088.05848,355703.58355 6689088.57130)"
134804,"LINESTRING(355703.58355 6689088.57130,355755.69511 6689099.30535,355773.66474 6689103.67595,355775.69334 6689104.01509)"
135041,"LINESTRING(356090.16020 6689554.52808,356108.40881 6689563.76793,356117.00215 6689568.57981,356126.40391 6689573.34511)"
135042,"LINESTRING(356126.40391 6689573.34511,356146.49134 6689583.71409,356157.29959 6689589.07707)"
135391,"LINESTRING(355207.28195 6689121.95962,355217.39318 6689133.85902,355227.52152 6689145.26789)"
135394,"LINESTRING(355301.11030 6689125.79526,355289.86598 6689119.86924,355286.38934 6689117.95611,355255.16133 6689101.54665,355252.63933 6689100.27934,355248.99923 6689098.03075,355246.51049 6689096.02718,355238.45044 6689087.48061)"
137239,"LINESTRING(355790.14034 6689640.34559,355799.39760 6689639.05491,355808.55228 6689637.82580,355822.99622 6689632.61989,355848.25310 6689619.58045)"
137240,"LINESTRING(355848.25310 6689619.58045,355822.99622 6689632.61989,355808.55228 6689637.82580,355799.39760 6689639.05491,355790.14034 6689640.34559)"
138581,"LINESTRING(355396.95554 6689310.38467,355387.42622 6689328.23644,355379.25824 6689343.40606,355374.83428 6689352.65163,355371.23378 6689361.05968)"
138582,"LINESTRING(355437.74713 6689224.62618,355440.66308 6689220.50796,355448.03293 6689209.23424,355454.73355 6689205.27576)"
139061,"LINESTRING(356230.70632 6688800.33914,356230.66677 6688798.20519,356231.02272 6688796.09296,356231.77991 6688794.10226,356232.89557 6688792.28005,356234.34329 6688790.69461,356236.05891 6688789.41639,356237.99208 6688788.49281)"
139100,"LINESTRING(355435.80915 6689195.53163,355432.59552 6689193.97040,355424.90551 6689189.98625,355384.43281 6689168.91409,355382.25229 6689167.78277,355380.38427 6689166.81142,355347.23535 6689149.55559,355339.89613 6689145.74043,355332.30678 6689141.79509,355301.11030 6689125.79526)"
139307,"LINESTRING(356043.25155 6689532.71008,356041.88016 6689541.40084,356040.00179 6689545.63697,356021.38969 6689583.87164,356016.08687 6689593.40103)"
139316,"LINESTRING(356047.19466 6690043.53305,356043.38837 6690038.91259,356042.04398 6690037.28779,356023.18209 6690014.49841)"
139317,"LINESTRING(356023.18209 6690014.49841,356003.24446 6689991.45958,355993.00295 6689979.22158,355967.95509 6689948.41101,355960.95752 6689939.98031)"
139318,"LINESTRING(355960.95752 6689939.98031,355957.59297 6689935.92411,355918.91429 6689889.32171)"
139319,"LINESTRING(355918.91429 6689889.32171,355916.66597 6689886.61419)"
139320,"LINESTRING(355916.66597 6689886.61419,355900.19338 6689866.75820,355899.09348 6689865.43086,355896.22654 6689862.38074,355893.65330 6689862.45128)"
139321,"LINESTRING(355893.65330 6689862.45128,355887.95466 6689862.61309)"
139588,"LINESTRING(355143.35319 6689676.82964,355141.78667 6689675.03984,355140.22078 6689673.26114,355136.50885 6689668.84715,355133.32428 6689664.76985,355128.97572 6689657.86700,355126.01497 6689651.62939,355123.81448 6689645.03629)"
139589,"LINESTRING(355123.81448 6689645.03629,355126.01497 6689651.62939,355128.97572 6689657.86700,355133.32428 6689664.76985,355136.50885 6689668.84715,355140.22078 6689673.26114,355141.78667 6689675.03984,355143.35319 6689676.82964)"
139652,"LINESTRING(355998.35689 6689374.51342,355995.24353 6689380.73447,355993.61917 6689383.85446,355992.43729 6689386.75979,355991.78032 6689391.53745,355992.45398 6689397.17298)"
141710,"LINESTRING(355399.85138 6689239.10934,355403.37028 6689238.60569,355408.44945 6689240.57098)"
141760,"LINESTRING(354719.62350 6689135.95217,354721.34883 6689142.83967,354721.85982 6689144.85735,354744.51648 6689224.31241)"
141766,"LINESTRING(354735.53721 6689437.01158,354731.18109 6689431.82288,354692.78149 6689386.07949,354689.29667 6689381.93077,354686.37856 6689378.92865,354680.36356 6689372.97927)"
141881,"LINESTRING(354680.36356 6689372.97927,354674.28559 6689366.46609,354652.73261 6689338.44015,354648.60915 6689333.08227)"
141884,"LINESTRING(354638.88907 6689518.50953,354644.59867 6689513.68396,354727.34496 6689443.87221,354728.84916 6689442.61689,354735.53721 6689437.01158)"
141885,"LINESTRING(354735.53721 6689437.01158,354741.49295 6689431.98273,354773.79389 6689404.70099,354778.04354 6689401.10606,354779.52460 6689399.97449)"
141886,"LINESTRING(354779.52460 6689399.97449,354788.95276 6689392.85328)"
141921,"LINESTRING(356204.76409 6689118.39597,356202.51573 6689117.26827,356159.73018 6689095.47868,356136.84924 6689077.83828)"
141924,"LINESTRING(355452.93967 6689949.72812,355447.50844 6689954.78161,355406.20240 6689985.86218,355405.69367 6689986.50351,355405.43887 6689987.34158,355405.31301 6689988.04981,355405.32059 6689988.70582,355405.45367 6689990.22244,355405.71440 6689990.93059,355405.98269 6689991.63830,355418.31506 6690007.63768,355427.10306 6690018.31202,355429.55517 6690021.26350,355432.94846 6690024.76144)"
142248,"LINESTRING(356204.20683 6689608.78201,356205.43056 6689605.41814,356208.63311 6689593.64008,356210.83661 6689585.83602,356212.16033 6689581.57628)"
142249,"LINESTRING(356212.16033 6689581.57628,356210.83661 6689585.83602,356208.63311 6689593.64008,356205.43056 6689605.41814,356204.20683 6689608.78201)"
142941,"LINESTRING(355787.32962 6689648.65218,355785.01749 6689655.48359,355780.76676 6689667.21114,355780.12398 6689668.68352,355779.25749 6689669.95740,355778.08022 6689670.83754)"
142942,"LINESTRING(355778.08022 6689670.83754,355779.25749 6689669.95740,355780.12398 6689668.68352,355780.76676 6689667.21114,355785.01749 6689655.48359,355787.32962 6689648.65218)"
143331,"LINESTRING(355644.23244 6689074.96215,355619.27130 6689068.33629)"
143332,"LINESTRING(355619.27130 6689068.33629,355614.33498 6689067.00791,355609.40894 6689064.54405,355604.87671 6689061.67918)"
143440,"LINESTRING(355012.32489 6689432.12656,355010.75308 6689443.48842)"
144569,"LINESTRING(355273.85091 6688989.24846,355274.76828 6688988.46112,355275.79220 6688987.81227,355276.90129 6688987.32540,355278.08109 6688987.01246,355279.28625 6688986.87607,355280.50230 6688986.92820,355281.69019 6688987.14886,355282.83606 6688987.56108,355283.90779 6688988.13336,355284.88206 6688988.85592,355285.72801 6688989.71940,355286.44434 6688990.70163)"
144570,"LINESTRING(355136.51383 6688979.18245,355135.84159 6688979.48834,355135.15232 6688979.76183,355134.44537 6688979.99184,355133.72894 6688980.18902,355133.00238 6688980.34227,355132.27263 6688980.44008,355131.53340 6688980.50506,355130.78404 6688980.52612,355130.04788 6688980.51304,355129.30851 6688980.44451,355128.57477 6688980.34228,355127.84539 6688980.18417)"
144571,"LINESTRING(355547.74702 6689097.06516,355547.82513 6689098.41805,355547.72944 6689099.78098,355547.45740 6689101.10959,355547.02412 6689102.40299,355546.42768 6689103.62794,355545.68192 6689104.76136,355544.79374 6689105.79175,355543.77762 6689106.70713,355542.66251 6689107.48359,355541.44775 6689108.11003)"
145420,"LINESTRING(356268.35037 6689427.41173,356263.12411 6689426.70035,356256.75694 6689426.05471,356248.89332 6689425.75120,356240.28560 6689424.90088,356233.05981 6689423.82631,356227.18778 6689422.69600,356221.64490 6689421.35758,356216.42243 6689419.92282,356209.12495 6689417.47275,356198.34876 6689413.06468,356194.27824 6689411.22977,356180.22985 6689404.89631)"
145421,"LINESTRING(356180.22985 6689404.89631,356194.27824 6689411.22977,356198.34876 6689413.06468,356209.12495 6689417.47275,356216.42243 6689419.92282,356221.64490 6689421.35758,356227.18778 6689422.69600,356233.05981 6689423.82631,356240.28560 6689424.90088,356248.89332 6689425.75120,356256.75694 6689426.05471,356263.12411 6689426.70035,356268.35037 6689427.41173)"
145438,"LINESTRING(356371.68066 6688989.41887,356364.06487 6688987.89928,356361.63505 6688987.43841,356359.21277 6688986.97710,356347.33265 6688983.28875,356332.11344 6688976.91107,356312.85079 6688969.04178,356306.76099 6688966.24385)"
145441,"LINESTRING(356435.36375 6689034.84022,356421.13910 6689028.48293,356411.61100 6689023.11249,356406.05822 6689018.44773,356400.08067 6689011.80472,356394.48027 6689004.33892,356388.46002 6688997.87641,356381.43116 6688992.46221)"
145784,"LINESTRING(355740.37571 6689674.53743,355737.90220 6689676.99442,355735.91452 6689679.85731,355734.46736 6689683.02279,355733.62425 6689686.40933,355733.57740 6689693.61072)"
145785,"LINESTRING(355733.57740 6689693.61072,355733.62425 6689686.40933,355734.46736 6689683.02279,355735.91452 6689679.85731,355737.90220 6689676.99442,355740.37571 6689674.53743)"
147923,"LINESTRING(355102.39380 6689372.57817,355092.82412 6689381.45387,355091.01412 6689382.40411,355089.29717 6689382.60350,355087.04399 6689382.44448,355025.56537 6689373.45956,355020.16750 6689372.67016)"
147924,"LINESTRING(355020.16750 6689372.67016,355025.56537 6689373.45956,355087.04399 6689382.44448,355089.29717 6689382.60350,355091.01412 6689382.40411,355092.82412 6689381.45387,355102.39380 6689372.57817)"
14817,"LINESTRING(355588.11899 6689667.16987,355607.82873 6689669.53685,355613.46851 6689670.19040,355616.58377 6689670.57801,355627.37554 6689672.75888)"
14818,"LINESTRING(355627.37554 6689672.75888,355616.58377 6689670.57801,355613.46851 6689670.19040,355607.82873 6689669.53685,355588.11899 6689667.16987)"
14819,"LINESTRING(355527.87056 6689659.85580,355534.34543 6689660.66133,355582.21104 6689666.59858,355588.11899 6689667.16987)"
14820,"LINESTRING(355588.11899 6689667.16987,355582.21104 6689666.59858,355534.34543 6689660.66133,355527.87056 6689659.85580)"
15073,"LINESTRING(355556.27976 6689939.19882,355543.99033 6689936.14771,355542.04701 6689935.18067,355537.83370 6689933.36558,355525.04661 6689926.15975,355513.33016 6689921.87397,355510.57985 6689921.76576)"
15095,"LINESTRING(355511.94007 6689911.58453,355515.01938 6689914.63335,355528.30308 6689920.33068)"
15096,"LINESTRING(355528.30308 6689920.33068,355541.32592 6689927.81219,355547.08431 6689930.91773,355556.27976 6689939.19882)"
151838,"LINESTRING(355079.72198 6689010.15859,355074.80993 6689006.89325,355070.12704 6689004.18212)"
151843,"LINESTRING(355134.49756 6688988.63395,355132.44283 6688987.45094,355130.68464 6688984.97126,355127.84539 6688980.18417)"
151854,"LINESTRING(355136.51383 6688979.18245,355136.23577 6688986.30823,355134.49756 6688988.63395)"
153722,"LINESTRING(355224.01962 6689611.51777,355220.39420 6689607.94434,355216.28796 6689602.74087,355213.84052 6689598.43179,355211.46653 6689593.29511)"
153723,"LINESTRING(355211.46653 6689593.29511,355213.84052 6689598.43179,355216.28796 6689602.74087,355220.39420 6689607.94434,355224.01962 6689611.51777)"
15445,"LINESTRING(355346.30550 6689811.25677,355342.70755 6689807.89309,355337.88326 6689802.19697,355334.36863 6689797.78260,355329.81874 6689791.98162,355324.99806 6689784.24919,355320.57703 6689776.34903,355315.72464 6689767.14976,355311.00099 6689755.71780,355307.58005 6689744.92265,355304.63668 6689731.89691,355303.28291 6689719.88083,355302.67433 6689708.82306,355302.39573 6689703.47627,355302.19063 6689694.80960,355301.86786 6689683.05661,355302.28274 6689672.26237,355303.71000 6689670.19943)"
15450,"LINESTRING(355381.63581 6689822.11118,355381.61243 6689823.93724,355381.11486 6689825.69056,355380.18138 6689827.24654,355378.87552 6689828.52362,355377.54082 6689829.30167,355376.07487 6689829.77578,355374.53681 6689829.92026)"
15451,"LINESTRING(355374.53681 6689829.92026,355372.50086 6689829.58169,355370.65134 6689828.66491,355369.14511 6689827.26100,355368.11704 6689825.47342)"
15452,"LINESTRING(355368.11704 6689825.47342,355367.69799 6689823.86206,355367.67745 6689822.19430,355368.04608 6689820.57082,355368.94727 6689818.84981,355370.29078 6689817.43704,355371.96968 6689816.44995,355373.85182 6689815.96293)"
15453,"LINESTRING(355373.85182 6689815.96293,355376.04810 6689816.05859,355378.10084 6689816.81898)"
15454,"LINESTRING(355378.10084 6689816.81898,355376.04810 6689816.05859,355373.85182 6689815.96293,355371.96968 6689816.44995,355370.29078 6689817.43704,355368.94727 6689818.84981,355368.04608 6689820.57082,355367.67745 6689822.19430,355367.69799 6689823.86206,355368.11704 6689825.47342,355369.14511 6689827.26100,355370.65134 6689828.66491,355372.50086 6689829.58169,355374.53681 6689829.92026,355376.07487 6689829.77578,355377.54082 6689829.30167,355378.87552 6689828.52362,355380.18138 6689827.24654,355381.11486 6689825.69056,355381.61243 6689823.93724,355381.63581 6689822.11118)"
15461,"LINESTRING(355357.65691 6689814.07240,355356.82331 6689815.38896,355355.67085 6689816.43465,355354.29518 6689817.15945,355352.76864 6689817.50354)"
15462,"LINESTRING(355352.76864 6689817.50354,355350.96524 6689817.38520,355349.28284 6689816.73693,355347.86817 6689815.60589)"
15463,"LINESTRING(355347.86817 6689815.60589,355346.95958 6689814.31210,355346.42669 6689812.82971,355346.30550 6689811.25677)"
154631,"LINESTRING(355504.95774 6689925.48393,355501.31006 6689928.47615,355497.36049 6689935.03509,355495.22270 6689939.36428,355486.97507 6689956.02934,355485.11095 6689960.10908)"
154634,"LINESTRING(355498.23408 6689924.95984,355495.75881 6689923.44497,355493.80048 6689921.29942,355492.52108 6689918.70299)"
154635,"LINESTRING(355492.52108 6689918.70299,355492.02215 6689915.83896)"
154636,"LINESTRING(355492.02215 6689915.83896,355492.17246 6689913.71628,355492.75226 6689911.68007,355493.74273 6689909.79816,355495.44837 6689907.83044,355497.59145 6689906.34928,355500.04109 6689905.45123)"
154637,"LINESTRING(355500.04109 6689905.45123,355502.48191 6689905.18789,355504.91824 6689905.50338,355507.20528 6689906.38381)"
154638,"LINESTRING(355507.20528 6689906.38381,355509.17858 6689907.73853,355510.78143 6689909.50406,355511.94007 6689911.58453)"
154639,"LINESTRING(355511.94007 6689911.58453,355512.64733 6689914.38090,355512.55631 6689917.26787,355512.38434 6689917.83411,355511.84397 6689919.63440,355510.57985 6689921.76576)"
15464,"LINESTRING(355346.30550 6689811.25677,355346.86810 6689809.05464,355348.22504 6689807.21829,355349.72825 6689806.20796,355351.47311 6689805.70661)"
154640,"LINESTRING(355510.57985 6689921.76576,355508.08374 6689924.09065,355504.95774 6689925.48393)"
154641,"LINESTRING(355504.95774 6689925.48393,355508.08374 6689924.09065,355510.57985 6689921.76576,355511.84397 6689919.63440,355512.38434 6689917.83411,355512.55631 6689917.26787,355512.64733 6689914.38090,355511.94007 6689911.58453,355510.78143 6689909.50406,355509.17858 6689907.73853,355507.20528 6689906.38381,355504.91824 6689905.50338,355502.48191 6689905.18789,355500.04109 6689905.45123,355497.59145 6689906.34928,355495.44837 6689907.83044,355493.74273 6689909.79816,355492.75226 6689911.68007,355492.17246 6689913.71628,355492.02215 6689915.83896,355492.52108 6689918.70299,355493.80048 6689921.29942,355495.75881 6689923.44497,355498.23408 6689924.95984)"
15465,"LINESTRING(355351.47311 6689805.70661,355353.22542 6689805.72777,355354.89387 6689806.26558,355356.33926 6689807.27246,355357.41919 6689808.64537,355358.05926 6689810.27734)"
15466,"LINESTRING(355358.05926 6689810.27734,355357.41919 6689808.64537,355356.33926 6689807.27246,355354.89387 6689806.26558,355353.22542 6689805.72777,355351.47311 6689805.70661,355349.72825 6689806.20796,355348.22504 6689807.21829,355346.86810 6689809.05464,355346.30550 6689811.25677,355346.42669 6689812.82971,355346.95958 6689814.31210,355347.86817 6689815.60589,355349.28284 6689816.73693,355350.96524 6689817.38520,355352.76864 6689817.50354,355354.29518 6689817.15945,355355.67085 6689816.43465,355356.82331 6689815.38896,355357.65691 6689814.07240)"
15469,"LINESTRING(355381.63581 6689822.11118,355385.00121 6689826.56757,355387.95666 6689829.04491,355394.94385 6689834.91654,355421.08886 6689858.01775,355431.15409 6689866.91601,355439.77366 6689874.54037,355449.33699 6689883.41201,355458.40635 6689890.03130,355469.00257 6689894.73772,355475.92696 6689897.68684,355485.61499 6689901.50000,355491.31337 6689903.69659,355494.44607 6689904.65057,355500.04109 6689905.45123)"
15499,"LINESTRING(355358.05926 6689810.27734,355361.56838 6689811.05374,355369.27806 6689815.25916,355373.85182 6689815.96293)"
15502,"LINESTRING(355368.11704 6689825.47342,355363.88720 6689823.63715,355356.61918 6689819.07243,355352.76864 6689817.50354)"
155387,"LINESTRING(356338.24603 6689408.99906,356334.45907 6689421.16672,356328.00304 6689428.84851,356318.83514 6689435.90770,356312.00376 6689438.12592,356305.59773 6689439.96361,356299.43442 6689440.61907,356289.97140 6689438.73871,356283.04567 6689434.97651,356277.53381 6689431.54453,356268.35037 6689427.41173)"
155388,"LINESTRING(356268.35037 6689427.41173,356277.53381 6689431.54453,356283.04567 6689434.97651,356289.97140 6689438.73871,356299.43442 6689440.61907,356305.59773 6689439.96361,356312.00376 6689438.12592,356318.83514 6689435.90770,356328.00304 6689428.84851,356334.45907 6689421.16672,356338.24603 6689408.99906)"
155922,"LINESTRING(355454.73355 6689205.27576,355451.01637 6689203.26516,355441.40932 6689198.37921,355438.70657 6689196.99987)"
155923,"LINESTRING(355438.70657 6689196.99987,355435.80915 6689195.53163)"
157039,"LINESTRING(356016.08687 6689593.40103,356013.50202 6689602.60682,356005.00220 6689624.00310)"
157040,"LINESTRING(356005.00220 6689624.00310,355955.42207 6689726.21939)"
157609,"LINESTRING(355627.37554 6689672.75888,355632.57783 6689660.84276,355635.71882 6689654.45300,355637.34035 6689651.28855,355660.73890 6689604.87661)"
157610,"LINESTRING(355660.73890 6689604.87661,355637.34035 6689651.28855,355635.71882 6689654.45300,355632.57783 6689660.84276,355627.37554 6689672.75888)"
157631,"LINESTRING(355712.64219 6689046.24730,355726.76721 6689050.20542,355733.65887 6689052.31118,355742.05468 6689054.86421,355748.82338 6689056.81018,355755.70630 6689059.02773,355763.14271 6689061.90318,355777.87006 6689069.07552,355785.16539 6689072.66009)"
157632,"LINESTRING(355785.16539 6689072.66009,355777.87006 6689069.07552,355763.14271 6689061.90318,355755.70630 6689059.02773,355748.82338 6689056.81018,355742.05468 6689054.86421,355733.65887 6689052.31118,355726.76721 6689050.20542,355712.64219 6689046.24730)"
158701,"LINESTRING(355118.01329 6688967.61231,355118.04655 6688966.87606,355118.11823 6688966.14870,355118.23525 6688965.41873,355118.39825 6688964.69723,355118.59967 6688963.98463,355118.83951 6688963.28093,355119.11842 6688962.59723,355119.44394 6688961.93309,355119.80098 6688961.28938,355120.19707 6688960.66567,355120.63223 6688960.06195,355121.09954 6688959.48975,355121.59900 6688958.94907,355122.12241 6688958.42926,355122.68552 6688957.94053,355123.26631 6688957.49529,355123.87861 6688957.07048,355124.51614 6688956.68871,355125.17135 6688956.35043)"
158704,"LINESTRING(355507.35950 6689076.94411,355512.04724 6689079.74430,355516.98497 6689082.54119,355521.98405 6689084.95625,355528.51164 6689087.58347,355531.85118 6689089.09298)"
158705,"LINESTRING(355125.17135 6688956.35043,355125.84359 6688956.04455,355126.53351 6688955.78214,355127.24046 6688955.55213,355127.95753 6688955.36604,355128.68473 6688955.22388,355129.42204 6688955.12563)"
158706,"LINESTRING(355526.50686 6689097.11203,355525.02216 6689095.29516,355523.19884 6689093.65360,355519.89183 6689091.91969,355510.79439 6689087.98331,355503.31703 6689083.87552)"
159608,"LINESTRING(355630.24008 6689916.21458,355655.79027 6689931.52931)"
160386,"LINESTRING(355715.72338 6689711.57520,355718.22041 6689710.05145,355723.68740 6689706.39808,355734.83763 6689696.66448)"
160387,"LINESTRING(355734.83763 6689696.66448,355723.68740 6689706.39808,355718.22041 6689710.05145,355715.72338 6689711.57520)"
161064,"LINESTRING(355039.26565 6688873.75243,355039.84622 6688873.69661,355040.48288 6688873.69318,355041.32050 6688873.75602,355041.87917 6688873.84611,355042.28671 6688873.94493,355042.80325 6688874.09309,355043.30724 6688874.28648,355043.90639 6688874.55225,355044.33738 6688874.79437,355044.63607 6688874.97737,355044.94359 6688875.18212,355045.41250 6688875.55556,355045.77997 6688875.87923,355046.10210 6688876.20552,355046.44255 6688876.58638,355046.74650 6688876.99161,355046.98615 6688877.33380,355047.17034 6688877.63469,355047.35645 6688877.96884,355047.63224 6688878.54259,355047.81093 6688879.01069)"
161065,"LINESTRING(355047.81093 6688879.01069,355047.95940 6688879.48054,355048.06881 6688879.93039,355048.18911 6688880.56876,355048.25602 6688881.33261,355048.25107 6688882.03385,355048.18374 6688882.70532,355048.07543 6688883.32353,355047.90232 6688884.00112,355047.58014 6688884.85422,355047.17099 6688885.64559,355046.83777 6688886.17666,355046.45038 6688886.68861,355046.02328 6688887.16948,355045.49859 6688887.66712,355044.90397 6688888.13542)"
161066,"LINESTRING(355044.90397 6688888.13542,355044.19407 6688888.57701,355043.73084 6688888.82632,355043.24993 6688889.03214,355042.78221 6688889.20383,355042.14825 6688889.38512,355041.41350 6688889.52774,355040.98406 6688889.57481,355040.40978 6688889.60802,355039.96203 6688889.60052,355039.34547 6688889.55829,355038.78680 6688889.46820,355038.41077 6688889.38980,355037.84005 6688889.22252,355037.35246 6688889.05044,355036.73000 6688888.77489,355036.27634 6688888.53408,355035.92284 6688888.32087,355035.48044 6688888.01266,355035.01089 6688887.62813,355034.55389 6688887.19837,355034.13275 6688886.73317,355033.78909 6688886.29686,355033.42327 6688885.73944,355033.22012 6688885.37289,355033.03208 6688885.00547,355032.83072 6688884.53868,355032.64817 6688884.00404,355032.47305 6688883.33546,355032.33108 6688882.45357,355032.29184 6688881.64361)"
161067,"LINESTRING(355032.29184 6688881.64361,355032.33108 6688882.45357,355032.47305 6688883.33546,355032.64817 6688884.00404,355032.83072 6688884.53868,355033.03208 6688885.00547,355033.22012 6688885.37289,355033.42327 6688885.73944,355033.78909 6688886.29686,355034.13275 6688886.73317,355034.55389 6688887.19837,355035.01089 6688887.62813,355035.48044 6688888.01266,355035.92284 6688888.32087,355036.27634 6688888.53408,355036.73000 6688888.77489,355037.35246 6688889.05044,355037.84005 6688889.22252,355038.41077 6688889.38980,355038.78680 6688889.46820,355039.34547 6688889.55829,355039.96203 6688889.60052,355040.40978 6688889.60802,355040.98406 6688889.57481,355041.41350 6688889.52774,355042.14825 6688889.38512,355042.78221 6688889.20383,355043.24993 6688889.03214,355043.73084 6688888.82632,355044.19407 6688888.57701,355044.90397 6688888.13542,355045.49859 6688887.66712,355046.02328 6688887.16948,355046.45038 6688886.68861,355046.83777 6688886.17666,355047.17099 6688885.64559,355047.58014 6688884.85422,355047.90232 6688884.00112,355048.07543 6688883.32353,355048.18374 6688882.70532,355048.25107 6688882.03385,355048.25602 6688881.33261,355048.18911 6688880.56876,355048.06881 6688879.93039,355047.95940 6688879.48054,355047.81093 6688879.01069,355047.63224 6688878.54259,355047.35645 6688877.96884,355047.17034 6688877.63469,355046.98615 6688877.33380,355046.74650 6688876.99161,355046.44255 6688876.58638,355046.10210 6688876.20552,355045.77997 6688875.87923,355045.41250 6688875.55556,355044.94359 6688875.18212,355044.63607 6688874.97737,355044.33738 6688874.79437,355043.90639 6688874.55225,355043.30724 6688874.28648,355042.80325 6688874.09309,355042.28671 6688873.94493,355041.87917 6688873.84611,355041.32050 6688873.75602,355040.48288 6688873.69318,355039.84622 6688873.69661,355039.26565 6688873.75243)"
161068,"LINESTRING(354925.65948 6688810.52618,354926.30508 6688810.02154,354926.98410 6688809.57059,354927.69656 6688809.17335,354928.43490 6688808.83024,354929.20731 6688808.55192,354929.99932 6688808.35034,354930.80209 6688808.20378,354931.61563 6688808.11223,354932.43366 6688808.09830)"
161069,"LINESTRING(354932.43366 6688808.09830,354933.24798 6688808.15134,354934.05103 6688808.27180,354934.85037 6688808.45922,354935.63025 6688808.70341,354936.38376 6688809.01587,354937.11024 6688809.38553,354937.80970 6688809.81239,354938.46703 6688810.29731,354939.29024 6688811.02854,354940.02790 6688811.85374,354940.67182 6688812.76224,354941.21315 6688813.73230,354941.63615 6688814.75371,354941.94772 6688815.81494)"
161070,"LINESTRING(354941.94772 6688815.81494,354942.13966 6688816.90535,354942.21071 6688818.00275,354942.15329 6688819.10757,354941.98124 6688820.19677)"
161071,"LINESTRING(354941.98124 6688820.19677,354941.71838 6688821.15771,354941.36919 6688822.06801,354940.92740 6688822.95028,354940.40748 6688823.79257,354939.80058 6688824.57313,354939.12120 6688825.28000,354938.37751 6688825.92383,354937.56888 6688826.49353,354936.71042 6688826.98822,354935.80841 6688827.38530,354934.87104 6688827.69542,354933.90524 6688827.90704,354932.92674 6688828.03038,354931.93492 6688828.05436,354930.95244 6688827.97767)"
161072,"LINESTRING(354930.95244 6688827.97767,354929.94907 6688827.80204,354928.97016 6688827.52486,354928.03081 6688827.14526,354927.12476 6688826.68585,354926.28094 6688826.12270,354925.48618 6688825.48996,354924.76940 6688824.76370)"
161073,"LINESTRING(354924.76940 6688824.76370,354925.48618 6688825.48996,354926.28094 6688826.12270,354927.12476 6688826.68585,354928.03081 6688827.14526,354928.97016 6688827.52486,354929.94907 6688827.80204,354930.95244 6688827.97767,354931.93492 6688828.05436,354932.92674 6688828.03038,354933.90524 6688827.90704,354934.87104 6688827.69542,354935.80841 6688827.38530,354936.71042 6688826.98822,354937.56888 6688826.49353,354938.37751 6688825.92383,354939.12120 6688825.28000,354939.80058 6688824.57313,354940.40748 6688823.79257,354940.92740 6688822.95028,354941.36919 6688822.06801,354941.71838 6688821.15771,354941.98124 6688820.19677,354942.15329 6688819.10757,354942.21071 6688818.00275,354942.13966 6688816.90535,354941.94772 6688815.81494,354941.63615 6688814.75371,354941.21315 6688813.73230,354940.67182 6688812.76224,354940.02790 6688811.85374,354939.29024 6688811.02854,354938.46703 6688810.29731,354937.80970 6688809.81239,354937.11024 6688809.38553,354936.38376 6688809.01587,354935.63025 6688808.70341,354934.85037 6688808.45922,354934.05103 6688808.27180,354933.24798 6688808.15134,354932.43366 6688808.09830,354931.61563 6688808.11223,354930.80209 6688808.20378,354929.99932 6688808.35034,354929.20731 6688808.55192,354928.43490 6688808.83024,354927.69656 6688809.17335,354926.98410 6688809.57059,354926.30508 6688810.02154,354925.65948 6688810.52618)"
161088,"LINESTRING(355467.17178 6689032.97932,355468.17689 6689032.39835,355469.24885 6689031.92478,355470.35872 6689031.58253,355471.50586 6689031.36053,355472.66887 6689031.28224,355473.82382 6689031.32682,355474.97134 6689031.50533,355476.08813 6689031.80802,355477.16726 6689032.24639,355478.18414 6689032.78849,355479.14007 6689033.45650,355480.01044 6689034.21846,355480.95163 6689035.28786,355481.73299 6689036.47776,355482.34568 6689037.76641,355482.76510 6689039.12185)"
163115,"LINESTRING(354968.38637 6689962.34550,354968.78777 6689963.25690,354969.05882 6689964.14246,354969.38531 6689966.24871,354969.03026 6689969.28449)"
163116,"LINESTRING(354969.03026 6689969.28449,354967.73056 6689972.10787,354965.61869 6689974.38853,354962.89338 6689975.89244,354959.83466 6689976.48102,354958.18624 6689976.42060)"
163117,"LINESTRING(354958.18624 6689976.42060,354956.74908 6689976.08092,354955.01250 6689975.41364)"
163118,"LINESTRING(354955.01250 6689975.41364,354953.93577 6689974.75270,354951.68196 6689972.61329,354950.22151 6689969.90504,354949.66737 6689966.87734,354949.99632 6689964.17686)"
163119,"LINESTRING(354949.99632 6689964.17686,354949.66737 6689966.87734,354950.22151 6689969.90504,354951.68196 6689972.61329,354953.93577 6689974.75270,354955.01250 6689975.41364,354956.74908 6689976.08092,354958.18624 6689976.42060,354959.83466 6689976.48102,354962.89338 6689975.89244,354965.61869 6689974.38853,354967.73056 6689972.10787,354969.03026 6689969.28449,354969.38531 6689966.24871,354969.05882 6689964.14246,354968.78777 6689963.25690,354968.38637 6689962.34550,354967.29967 6689960.59476,354965.06418 6689958.50991,354963.93456 6689957.85203,354962.29812 6689957.21233,354960.72496 6689956.88052,354959.25849 6689956.82069,354956.25073 6689957.37295)"
163155,"LINESTRING(355814.06155 6689802.43248,355819.00121 6689792.26738,355824.01288 6689781.64195,355825.91200 6689777.63820)"
163156,"LINESTRING(355830.15811 6689836.12876,355822.10739 6689832.44312)"
163161,"LINESTRING(355803.73955 6689824.02325,355806.02078 6689819.28537,355814.06155 6689802.43248)"
163245,"LINESTRING(355887.95466 6689862.61309,355840.99610 6689841.08890,355830.15811 6689836.12876)"
163921,"LINESTRING(355763.26104 6689974.58299,355823.86046 6689849.16490,355824.54420 6689847.74579,355825.41083 6689845.94897,355826.22404 6689844.27762)"
163922,"LINESTRING(355826.22404 6689844.27762,355830.15811 6689836.12876)"
163959,"LINESTRING(356292.81611 6689563.12149,356274.54679 6689555.09504,356266.68908 6689551.86498)"
163997,"LINESTRING(355830.15811 6689836.12876,355845.42973 6689806.90917)"
163998,"LINESTRING(355825.91200 6689777.63820,355831.84806 6689781.59048,355839.97673 6689787.15197)"
163999,"LINESTRING(355839.97673 6689787.15197,355852.81028 6689794.37804)"
165209,"LINESTRING(354911.41288 6688828.74053,354897.18670 6688835.11535,354887.93046 6688839.06650)"
168328,"LINESTRING(355751.75087 6689427.35657,355773.95129 6689383.13946)"
168329,"LINESTRING(355773.95129 6689383.13946,355751.75087 6689427.35657)"
168330,"LINESTRING(355600.87634 6689726.90474,355612.19925 6689704.93315)"
168331,"LINESTRING(355612.19925 6689704.93315,355600.87634 6689726.90474)"
168332,"LINESTRING(355773.95129 6689383.13946,355787.08750 6689355.25578,355789.21639 6689351.02738)"
168333,"LINESTRING(355789.21639 6689351.02738,355787.08750 6689355.25578,355773.95129 6689383.13946)"
168348,"LINESTRING(355660.73890 6689604.87661,355672.01955 6689582.29566)"
168349,"LINESTRING(355672.01955 6689582.29566,355660.73890 6689604.87661)"
171218,"LINESTRING(355937.15476 6689203.98385,355935.66016 6689206.46218,355934.80059 6689207.85802,355931.78656 6689212.51570,355915.97526 6689237.14863,355914.57175 6689239.36581,355913.11674 6689241.74172)"
171219,"LINESTRING(355913.11674 6689241.74172,355914.57175 6689239.36581,355915.97526 6689237.14863,355931.78656 6689212.51570,355934.80059 6689207.85802,355935.66016 6689206.46218,355937.15476 6689203.98385)"
172223,"LINESTRING(356280.04905 6688964.22221,356277.70433 6688958.52717,356277.58402 6688952.35907,356279.70711 6688946.57354)"
172224,"LINESTRING(356279.70711 6688946.57354,356284.22761 6688941.60676,356290.32797 6688938.79646)"
172225,"LINESTRING(356290.32797 6688938.79646,356293.18532 6688938.38709)"
173367,"LINESTRING(356447.74030 6689291.90972,356448.94552 6689290.32716,356450.12934 6689287.97813,356454.32360 6689283.14151,356494.58588 6689240.21281,356531.31686 6689200.59190,356535.27105 6689196.19196,356539.35817 6689191.86226)"
173369,"LINESTRING(356539.35817 6689191.86226,356567.52292 6689161.45764,356576.05024 6689154.05747,356585.31018 6689147.79451)"
175439,"LINESTRING(355741.60906 6688710.74457,355743.25783 6688708.04591,355777.27409 6688655.02525,355778.93621 6688652.42597,355781.27863 6688648.60807,355782.55903 6688646.62050,355783.83332 6688644.13260)"
175440,"LINESTRING(355783.83332 6688644.13260,355787.11114 6688637.73508)"
175930,"LINESTRING(355039.48898 6689015.17710,355048.06711 6689012.74518,355052.34028 6689011.38550,355059.63015 6689009.09484,355066.37272 6689006.12374,355070.12704 6689004.18212)"
176044,"LINESTRING(355825.83873 6689775.31703,355900.82627 6689810.96804)"
176045,"LINESTRING(355900.82627 6689810.96804,355825.83873 6689775.31703)"
176046,"LINESTRING(355900.82627 6689810.96804,355911.30914 6689815.94879)"
176047,"LINESTRING(355911.30914 6689815.94879,355900.82627 6689810.96804)"
176048,"LINESTRING(355911.30914 6689815.94879,355914.99598 6689817.70549,355909.87662 6689828.43718)"
176049,"LINESTRING(355909.87662 6689828.43718,355914.99598 6689817.70549,355911.30914 6689815.94879)"
176050,"LINESTRING(355909.87662 6689828.43718,355893.65330 6689862.45128)"
176051,"LINESTRING(355893.65330 6689862.45128,355909.87662 6689828.43718)"
176052,"LINESTRING(355893.65330 6689862.45128,355888.60882 6689873.03404,355884.59074 6689871.18519)"
176053,"LINESTRING(355884.59074 6689871.18519,355888.60882 6689873.03404,355893.65330 6689862.45128)"
176054,"LINESTRING(355884.59074 6689871.18519,355826.22404 6689844.27762)"
176055,"LINESTRING(355826.22404 6689844.27762,355884.59074 6689871.18519)"
176056,"LINESTRING(355826.22404 6689844.27762,355797.95542 6689831.24413,355812.58331 6689801.90582)"
176057,"LINESTRING(355812.58331 6689801.90582,355797.95542 6689831.24413,355826.22404 6689844.27762)"
176058,"LINESTRING(355812.58331 6689801.90582,355825.13231 6689776.73744)"
176059,"LINESTRING(355825.13231 6689776.73744,355812.58331 6689801.90582)"
176060,"LINESTRING(355825.13231 6689776.73744,355812.58331 6689801.90582,355797.95542 6689831.24413,355826.22404 6689844.27762,355884.59074 6689871.18519,355888.60882 6689873.03404,355893.65330 6689862.45128,355909.87662 6689828.43718,355914.99598 6689817.70549,355911.30914 6689815.94879,355900.82627 6689810.96804,355825.83873 6689775.31703)"
176061,"LINESTRING(355825.83873 6689775.31703,355900.82627 6689810.96804,355911.30914 6689815.94879,355914.99598 6689817.70549,355909.87662 6689828.43718,355893.65330 6689862.45128,355888.60882 6689873.03404,355884.59074 6689871.18519,355826.22404 6689844.27762,355797.95542 6689831.24413,355812.58331 6689801.90582,355825.13231 6689776.73744)"
176291,"LINESTRING(356208.37097 6689111.52356,356210.47334 6689107.48600)"
176292,"LINESTRING(356210.47334 6689107.48600,356218.01276 6689095.31345,356224.32530 6689082.11012,356265.52489 6688998.33732,356272.66029 6688983.09506,356275.33411 6688976.99965,356277.47953 6688970.81229,356280.04905 6688964.22221)"
176409,"LINESTRING(355372.10849 6688779.90605,355367.01890 6688835.13038,355364.09588 6688861.96887,355361.92637 6688869.03697,355356.12308 6688881.71120,355353.79603 6688886.70780,355346.87709 6688898.31160,355344.47024 6688901.53261)"
176468,"LINESTRING(356296.82402 6688971.67839,356294.11913 6688974.47111,356291.35754 6688977.99030,356288.69632 6688981.80411,356286.04226 6688986.66337,356250.14877 6689060.42827,356229.66960 6689102.49690,356225.65455 6689112.28563,356223.15923 6689118.58219)"
176469,"LINESTRING(356223.15923 6689118.58219,356219.96292 6689125.47545,356216.16205 6689133.05999,356213.22700 6689139.09260)"
176470,"LINESTRING(356213.22700 6689139.09260,356192.25562 6689182.21338,356188.96646 6689188.67808)"
176471,"LINESTRING(356188.96646 6689188.67808,356186.00241 6689194.60113,356183.19467 6689199.94773,356177.89300 6689209.37673,356158.50557 6689249.19091,356145.39555 6689276.11528,356135.62492 6689292.71126,356131.69056 6689299.29108)"
176663,"LINESTRING(355905.64989 6689827.04541,355894.69335 6689849.07316,355887.95466 6689862.61309)"
176666,"LINESTRING(355875.97747 6689888.62732,355895.30904 6689898.51611,355896.16953 6689898.97828,355897.20674 6689899.21887,355898.51377 6689899.14348,355899.60763 6689898.65759,355914.15691 6689888.71713,355916.66597 6689886.61419)"
17758,"LINESTRING(355420.68598 6689250.55661,355425.61534 6689242.83957)"
17759,"LINESTRING(355425.61534 6689242.83957,355431.60868 6689234.24887)"
17760,"LINESTRING(355431.60868 6689234.24887,355433.40877 6689231.41898)"
17761,"LINESTRING(355433.40877 6689231.41898,355436.37324 6689226.69713)"
17762,"LINESTRING(355436.37324 6689226.69713,355437.74713 6689224.62618)"
17765,"LINESTRING(355443.94908 6689228.57389,355441.27365 6689232.65597)"
17766,"LINESTRING(355441.27365 6689232.65597,355440.21288 6689234.24153)"
17767,"LINESTRING(355440.21288 6689234.24153,355438.36553 6689237.04077)"
17768,"LINESTRING(355438.36553 6689237.04077,355436.51139 6689239.98505)"
17769,"LINESTRING(355436.51139 6689239.98505,355426.61373 6689254.87618)"
178018,"LINESTRING(355207.30758 6689723.20159,355204.79546 6689722.75708,355202.42827 6689721.80351,355200.06796 6689720.18197,355198.15607 6689718.05607,355196.79033 6689715.54258,355196.03950 6689712.78214)"
178019,"LINESTRING(355196.03950 6689712.78214,355195.94292 6689710.06177,355196.45461 6689707.37301)"
178020,"LINESTRING(355196.45461 6689707.37301,355197.46408 6689705.03377,355198.93535 6689702.94600,355200.80617 6689701.21343,355202.99665 6689699.89631)"
178021,"LINESTRING(355202.99665 6689699.89631,355205.41997 6689699.06643,355207.95652 6689698.75294,355210.50053 6689698.96195,355212.94621 6689699.69959,355215.19279 6689700.92716,355217.12373 6689702.59578,355218.68102 6689704.61978,355219.77641 6689706.91526,355220.36702 6689709.39567,355220.43131 6689711.95101,355219.96915 6689714.44776,355218.99118 6689716.80743,355217.82057 6689718.58854,355216.34876 6689720.14227,355214.64055 6689721.40925)"
178022,"LINESTRING(355214.64055 6689721.40925,355216.34876 6689720.14227,355217.82057 6689718.58854,355218.99118 6689716.80743,355219.96915 6689714.44776,355220.43131 6689711.95101,355220.36702 6689709.39567,355219.77641 6689706.91526,355218.68102 6689704.61978,355217.12373 6689702.59578,355215.19279 6689700.92716,355212.94621 6689699.69959,355210.50053 6689698.96195,355207.95652 6689698.75294,355205.41997 6689699.06643,355202.99665 6689699.89631,355200.80617 6689701.21343,355198.93535 6689702.94600,355197.46408 6689705.03377,355196.45461 6689707.37301,355195.94292 6689710.06177,355196.03950 6689712.78214,355196.79033 6689715.54258,355198.15607 6689718.05607,355200.06796 6689720.18197,355202.42827 6689721.80351,355204.79546 6689722.75708,355207.30758 6689723.20159)"
178023,"LINESTRING(355099.59678 6689631.18210,355098.01242 6689629.21532,355096.88803 6689626.94380,355096.23665 6689624.19987,355096.26398 6689621.39446,355096.96325 6689618.67259)"
178024,"LINESTRING(355096.96325 6689618.67259,355097.78821 6689616.94482,355098.88096 6689615.39072,355100.21320 6689614.04530,355101.74715 6689612.91074,355103.44067 6689612.04512)"
178025,"LINESTRING(355103.44067 6689612.04512,355105.58588 6689611.38704,355107.81526 6689611.13578,355110.04696 6689611.31830,355112.20481 6689611.92789,355114.20312 6689612.92501,355115.98708 6689614.27943,355117.47858 6689615.95117,355118.62087 6689617.87674,355119.37861 6689619.96920)"
178026,"LINESTRING(355119.37861 6689619.96920,355119.74901 6689622.57360,355119.52188 6689625.20141)"
178027,"LINESTRING(355119.52188 6689625.20141,355118.68583 6689627.78655,355117.28092 6689630.10415,355115.25990 6689632.12359,355112.81330 6689633.60018)"
178028,"LINESTRING(355112.81330 6689633.60018,355109.62252 6689634.53010,355106.29477 6689634.53333)"
178029,"LINESTRING(355106.29477 6689634.53333,355109.62252 6689634.53010,355112.81330 6689633.60018,355115.25990 6689632.12359,355117.28092 6689630.10415,355118.68583 6689627.78655,355119.52188 6689625.20141,355119.74901 6689622.57360,355119.37861 6689619.96920,355118.62087 6689617.87674,355117.47858 6689615.95117,355115.98708 6689614.27943,355114.20312 6689612.92501,355112.20481 6689611.92789,355110.04696 6689611.31830,355107.81526 6689611.13578,355105.58588 6689611.38704,355103.44067 6689612.04512,355101.74715 6689612.91074,355100.21320 6689614.04530,355098.88096 6689615.39072,355097.78821 6689616.94482,355096.96325 6689618.67259,355096.26398 6689621.39446,355096.23665 6689624.19987,355096.88803 6689626.94380,355098.01242 6689629.21532,355099.59678 6689631.18210)"
178030,"LINESTRING(355214.64055 6689721.40925,355211.75742 6689725.16968,355209.95022 6689728.79004,355208.61094 6689732.50575,355207.92143 6689736.18391,355207.65340 6689740.72781,355207.11710 6689747.71276,355205.62524 6689756.78905)"
179387,"LINESTRING(355464.73751 6689047.67304,355461.51460 6689047.00242,355458.00583 6689045.71412,355454.31071 6689043.82463,355451.00890 6689041.65653,355444.24174 6689038.82070,355439.72606 6689036.90072,355434.85882 6689034.80078,355428.21945 6689032.60290,355421.53653 6689028.99452)"
179419,"LINESTRING(355421.53653 6689028.99452,355428.71175 6689029.18096,355440.11333 6689031.66014,355446.28639 6689032.87246,355453.39077 6689034.06439,355456.57924 6689034.26969,355460.06586 6689034.12398,355462.33132 6689033.83740,355467.17178 6689032.97932)"
179548,"LINESTRING(355049.59749 6689783.84446,355043.66227 6689778.21280,354944.39425 6689686.45330,354942.61191 6689684.86518,354938.52732 6689681.87478)"
179549,"LINESTRING(355125.04306 6689596.65476,355124.32126 6689595.83976)"
180868,"LINESTRING(355704.11894 6689629.63236,355709.98799 6689625.58861,355713.46524 6689623.18494)"
180869,"LINESTRING(355713.46524 6689623.18494,355709.98799 6689625.58861,355704.11894 6689629.63236)"
181190,"LINESTRING(355672.01955 6689582.29566,355691.84081 6689611.54867,355704.11894 6689629.63236)"
181211,"LINESTRING(355704.11894 6689629.63236,355700.28904 6689636.03959,355697.44551 6689644.82654,355693.24649 6689672.68427,355692.82408 6689675.47909,355691.69884 6689680.15031)"
181296,"LINESTRING(355775.69334 6689104.01509,355773.35688 6689110.69211,355769.11539 6689119.96020,355762.40270 6689131.72962,355760.79133 6689134.54852,355758.42191 6689137.50016)"
181706,"LINESTRING(355498.84305 6689648.28050,355507.37750 6689647.73206,355517.15680 6689644.58608,355523.21384 6689640.38665,355524.90498 6689638.95385,355527.36242 6689636.87598,355529.91156 6689635.20450)"
181797,"LINESTRING(355649.53673 6689994.69816,355674.57119 6690008.30702)"
182005,"LINESTRING(354592.45668 6688945.46382,354598.36969 6688950.42879,354694.80890 6689031.00924,354699.04267 6689034.60281)"
182012,"LINESTRING(354797.04320 6689116.14030,354814.47067 6689130.38623,354815.75585 6689131.50240,354816.93731 6689133.97085,354816.72495 6689137.37667,354815.32123 6689140.23946,354813.57706 6689142.72141,354811.06024 6689144.03528)"
182019,"LINESTRING(354738.97691 6688988.13141,354777.45307 6688944.35937,354780.81471 6688940.34854)"
182341,"LINESTRING(356373.12156 6689597.01447,356371.80460 6689593.49657,356369.20755 6689589.99676,356363.75229 6689587.01762,356344.40469 6689582.24629,356318.92366 6689573.77841,356299.94463 6689566.32683,356292.81611 6689563.12149)"
183173,"LINESTRING(355612.19925 6689704.93315,355619.20033 6689690.95495,355621.59392 6689685.93234,355622.56400 6689683.03915,355627.37554 6689672.75888)"
183174,"LINESTRING(355627.37554 6689672.75888,355622.56400 6689683.03915,355621.59392 6689685.93234,355619.20033 6689690.95495,355612.19925 6689704.93315)"
183216,"LINESTRING(355505.33937 6689853.98656,355520.93779 6689862.35404,355529.03516 6689866.58178)"
183323,"LINESTRING(355529.03516 6689866.58178,355531.07440 6689862.51420,355562.84724 6689799.68537,355567.67854 6689790.53878)"
183324,"LINESTRING(355567.67854 6689790.53878,355562.84724 6689799.68537,355531.07440 6689862.51420,355529.03516 6689866.58178)"
183327,"LINESTRING(355567.67854 6689790.53878,355594.33521 6689741.10119)"
183328,"LINESTRING(355594.33521 6689741.10119,355567.67854 6689790.53878)"
183329,"LINESTRING(355594.33521 6689741.10119,355597.14687 6689734.78604,355600.87634 6689726.90474)"
183330,"LINESTRING(355600.87634 6689726.90474,355597.14687 6689734.78604,355594.33521 6689741.10119)"
183406,"LINESTRING(355713.46524 6689623.18494,355713.90494 6689616.61733,355717.81186 6689601.56056,355718.65220 6689597.20620,355723.82132 6689570.26051,355722.68971 6689553.80332,355722.81897 6689537.65166,355722.78662 6689536.04021,355722.70176 6689534.83235,355722.55426 6689533.98414,355722.28420 6689533.37665,355721.82910 6689532.84660,355721.28536 6689532.48856,355720.26179 6689532.09145,355707.28166 6689529.16883,355705.55349 6689528.77900,355700.23735 6689527.56150)"
183737,"LINESTRING(356406.94631 6689335.20319,356416.42807 6689325.03301,356447.74030 6689291.90972)"
183931,"LINESTRING(355766.84735 6690069.70599,355755.09248 6690064.22034,355754.63266 6690064.00209,355735.46969 6690055.06090)"
184031,"LINESTRING(354788.95276 6689392.85328,354803.02134 6689395.31042)"
184041,"LINESTRING(354800.43551 6689407.87704,354799.12315 6689414.80681)"
184042,"LINESTRING(354799.12315 6689414.80681,354798.80511 6689416.51642)"
184044,"LINESTRING(354803.02134 6689395.31042,354818.07807 6689397.94408)"
184045,"LINESTRING(354818.07807 6689397.94408,354819.80121 6689398.24494)"
184046,"LINESTRING(354803.02134 6689395.31042,354800.43551 6689407.87704)"
184049,"LINESTRING(354747.00405 6689451.23507,354739.31031 6689441.68883,354735.53721 6689437.01158)"
184237,"LINESTRING(356135.07445 6688941.27754,356140.21381 6688942.97294,356145.43238 6688945.25348,356148.53129 6688946.79945)"
184555,"LINESTRING(355724.52134 6689481.49933,355736.19233 6689458.97390,355747.45309 6689436.69470,355751.75087 6689427.35657)"
184556,"LINESTRING(355751.75087 6689427.35657,355747.45309 6689436.69470,355736.19233 6689458.97390,355724.52134 6689481.49933)"
184557,"LINESTRING(355672.01955 6689582.29566,355700.23735 6689527.56150)"
184558,"LINESTRING(355700.23735 6689527.56150,355672.01955 6689582.29566)"
184945,"LINESTRING(356350.16583 6689184.37579,356343.50328 6689194.00540,356342.04563 6689195.68040,356340.54775 6689196.65677,356339.08391 6689196.90798)"
187009,"LINESTRING(354949.22680 6689421.08871,354950.06877 6689416.37808,354953.68658 6689398.05518,354956.58212 6689372.48630,354957.03908 6689369.90082,354957.25757 6689368.69766,354957.57937 6689366.92109,354958.37502 6689362.45792)"
187084,"LINESTRING(355408.44945 6689240.57098,355411.54959 6689242.00524)"
187085,"LINESTRING(355411.54959 6689242.00524,355414.41690 6689243.60871)"
187086,"LINESTRING(355414.41690 6689243.60871,355417.44585 6689246.96081)"
187087,"LINESTRING(355417.44585 6689246.96081,355420.68598 6689250.55661)"
187325,"LINESTRING(354838.97181 6688860.63514,354828.49399 6688865.22449)"
187326,"LINESTRING(354828.49399 6688865.22449,354823.62457 6688866.76346,354820.99265 6688867.13824)"
187327,"LINESTRING(354820.99265 6688867.13824,354818.18822 6688867.54526,354815.39911 6688867.56197)"
187328,"LINESTRING(354815.39911 6688867.56197,354812.99103 6688867.61227,354806.64698 6688866.98905)"
187403,"LINESTRING(354887.93046 6688839.06650,354876.88406 6688843.78878,354838.97181 6688860.63514)"
191929,"LINESTRING(355594.33521 6689741.10119,355598.90013 6689743.75275,355601.59069 6689746.50138,355603.52098 6689749.60545,355608.43582 6689768.03613,355608.98716 6689773.77884)"
192587,"LINESTRING(355376.79590 6688737.80058,355376.48879 6688740.62214,355374.34158 6688757.79158,355372.10849 6688779.90605)"
192590,"LINESTRING(355374.76854 6688718.05730,355373.67198 6688725.06342)"
192591,"LINESTRING(355373.67198 6688725.06342,355374.76854 6688718.05730)"
192598,"LINESTRING(355368.21993 6688737.12765,355373.67198 6688725.06342)"
192712,"LINESTRING(355373.67198 6688725.06342,355376.79590 6688737.80058)"
194874,"LINESTRING(355955.42207 6689726.21939,355957.90897 6689727.41113,355968.35543 6689732.41633,355977.98362 6689737.03482,356045.65393 6689769.50466,356078.00695 6689785.01865,356111.63046 6689802.06174)"
194875,"LINESTRING(356111.63046 6689802.06174,356078.00695 6689785.01865,356045.65393 6689769.50466,355977.98362 6689737.03482,355968.35543 6689732.41633,355957.90897 6689727.41113,355955.42207 6689726.21939)"
195225,"LINESTRING(355507.20528 6689906.38381,355513.98674 6689894.38748,355529.03516 6689866.58178)"
195226,"LINESTRING(355529.03516 6689866.58178,355513.98674 6689894.38748,355507.20528 6689906.38381)"
195850,"LINESTRING(356003.95659 6688706.46234,355999.68105 6688713.57369,355997.01804 6688720.38068)"
195891,"LINESTRING(354744.51648 6689224.31241,354755.29496 6689260.30551,354755.95093 6689262.47057,354756.67519 6689264.89871)"
195956,"LINESTRING(355997.01804 6688720.38068,355992.58336 6688710.92318,355988.50411 6688703.94859,355986.46019 6688699.13752)"
196178,"LINESTRING(355548.39241 6689696.24437,355556.73237 6689702.43863,355565.88638 6689707.23961,355577.17919 6689711.27181,355582.19184 6689713.27444,355586.85807 6689716.49871)"
196639,"LINESTRING(355186.71162 6689920.72714,355191.50755 6689920.16066,355197.49727 6689920.83809,355203.50946 6689922.56010,355207.68603 6689924.65524)"
196640,"LINESTRING(355207.68603 6689924.65524,355208.69643 6689925.74285,355209.91647 6689929.27727,355211.06810 6689936.74324,355210.79145 6689940.21951)"
196642,"LINESTRING(355178.50531 6689930.22492,355180.55474 6689925.28876,355183.96009 6689921.90980)"
196644,"LINESTRING(355202.93935 6689950.07509,355199.81210 6689950.78990,355195.41451 6689950.51001,355189.49879 6689947.04672)"
196645,"LINESTRING(355189.49879 6689947.04672,355183.06786 6689942.80100,355180.42388 6689939.54916,355178.78715 6689936.15010)"
196646,"LINESTRING(355178.78715 6689936.15010,355178.21802 6689933.12325,355178.50531 6689930.22492)"
197801,"LINESTRING(355533.54264 6689108.41065,355527.50067 6689110.51743,355519.36617 6689112.62263,355508.83855 6689115.16643)"
197803,"LINESTRING(355508.83855 6689115.16643,355517.96179 6689108.52024,355523.70166 6689104.59507,355526.80099 6689101.15613)"
197838,"LINESTRING(355564.59832 6689114.62869,355560.70693 6689114.19688,355553.28083 6689112.28907,355545.44275 6689109.54834,355541.44775 6689108.11003)"
197843,"LINESTRING(355805.81753 6689260.85944,355803.50717 6689254.58401,355802.06459 6689250.47264,355798.75151 6689243.24257,355795.65903 6689236.94551)"
197848,"LINESTRING(355564.59832 6689114.62869,355579.41942 6689122.24019,355616.33396 6689140.78196,355623.47744 6689144.23045)"
197849,"LINESTRING(355623.47744 6689144.23045,355616.33396 6689140.78196,355579.41942 6689122.24019,355564.59832 6689114.62869)"
197850,"LINESTRING(355481.46899 6689046.87381,355481.42786 6689052.59508,355482.81396 6689055.98644,355486.61150 6689060.96313,355491.55475 6689065.56214,355498.91943 6689071.65689,355501.48019 6689073.33375)"
197851,"LINESTRING(355501.48019 6689073.33375,355504.44232 6689075.26558)"
197852,"LINESTRING(355504.44232 6689075.26558,355507.35950 6689076.94411)"
198006,"LINESTRING(354804.20668 6688960.31322,354823.21850 6688976.51478,354880.22121 6689025.08830,354918.64808 6689056.74538)"
198019,"LINESTRING(355478.40275 6689954.73306,355480.53642 6689950.72676,355487.62930 6689936.64292,355489.75082 6689932.42593,355492.90119 6689923.71012,355492.52108 6689918.70299)"
198039,"LINESTRING(355813.81438 6688640.75648,355809.25953 6688645.91474)"
198040,"LINESTRING(355809.25953 6688645.91474,355801.70299 6688653.58267,355797.41668 6688659.71569,355765.41222 6688711.20712,355763.27039 6688715.34725,355762.16753 6688717.25783,355757.79331 6688723.57398)"
198041,"LINESTRING(355066.71669 6688859.02528,355038.35134 6688844.95479,354998.39516 6688825.14585,354996.40184 6688824.37100,354994.56585 6688824.08774,354992.58376 6688824.42487,354991.23042 6688825.01493)"
198042,"LINESTRING(354941.98124 6688820.19677,354946.36050 6688825.65132)"
198043,"LINESTRING(355185.82909 6688764.10953,355195.23065 6688827.21969)"
198044,"LINESTRING(355195.23065 6688827.21969,355185.82909 6688764.10953)"
198047,"LINESTRING(355121.92333 6688769.11578,355120.96607 6688779.05125,355120.57354 6688781.96677,355082.64177 6688859.21731,355082.16257 6688862.33812,355082.61719 6688866.00577)"
198048,"LINESTRING(355082.61719 6688866.00577,355082.16257 6688862.33812,355082.64177 6688859.21731,355120.57354 6688781.96677,355120.96607 6688779.05125,355121.92333 6688769.11578)"
198135,"LINESTRING(355315.51916 6688957.10065,355306.76926 6688954.72442)"
198136,"LINESTRING(355306.76926 6688954.72442,355315.51916 6688957.10065)"
198137,"LINESTRING(355306.76926 6688954.72442,355303.25375 6688953.71475,355298.82072 6688952.70246,355272.87195 6688946.19068,355250.17519 6688940.45911,355242.54039 6688938.61936,355234.46410 6688936.09304,355195.14315 6688921.74254,355179.12793 6688915.00204,355162.90452 6688907.28337,355157.54216 6688904.62256,355122.55844 6688887.79659,355100.54607 6688876.72989,355098.50782 6688875.70170,355096.04999 6688874.49749,355092.16733 6688873.56479)"
198138,"LINESTRING(355092.16733 6688873.56479,355096.04999 6688874.49749,355098.50782 6688875.70170,355100.54607 6688876.72989,355122.55844 6688887.79659,355157.54216 6688904.62256,355162.90452 6688907.28337,355179.12793 6688915.00204,355195.14315 6688921.74254,355234.46410 6688936.09304,355242.54039 6688938.61936,355250.17519 6688940.45911,355272.87195 6688946.19068,355298.82072 6688952.70246,355303.25375 6688953.71475,355306.76926 6688954.72442)"
198139,"LINESTRING(355130.20247 6688762.68469,355130.02998 6688763.37337,355129.80267 6688764.03183,355129.52183 6688764.68226,355129.17797 6688765.29183,355128.78685 6688765.87075,355128.34091 6688766.41946,355127.85463 6688766.92599,355127.32044 6688767.39079,355126.75282 6688767.80189,355126.14421 6688768.15973)"
198140,"LINESTRING(355126.14421 6688768.15973,355125.58401 6688768.43689,355124.99858 6688768.67100,355124.40239 6688768.85010,355123.78916 6688768.99681,355123.17273 6688769.08807,355122.54554 6688769.12432,355121.92333 6688769.11578)"
198141,"LINESTRING(355121.92333 6688769.11578,355121.26834 6688769.06463,355120.61706 6688768.94650,355119.98589 6688768.78271,355119.36662 6688768.56260,355118.76746 6688768.29682,355118.18841 6688767.98537,355117.64457 6688767.62739,355117.12084 6688767.22373,355116.64053 6688766.78419,355116.19543 6688766.29811,355115.79439 6688765.78723,355115.42922 6688765.24089,355115.11565 6688764.66932,355114.85370 6688764.07252,355114.63581 6688763.45091,355114.47017 6688762.81516,355114.35743 6688762.17636,355114.29695 6688761.52340,355114.28936 6688760.86739)"
198142,"LINESTRING(355114.28936 6688760.86739,355114.34222 6688760.20788,355114.44170 6688759.56793,355114.59408 6688758.92493,355114.80064 6688758.30104,355115.06137 6688757.69628,355115.36937 6688757.12216,355115.71643 6688756.56804,355116.11012 6688756.03348,355116.55235 6688755.55174,355117.02672 6688755.10152,355117.54081 6688754.68238,355118.08832 6688754.31695,355118.66107 6688753.99456,355119.25905 6688753.71522,355119.87535 6688753.49045,355120.50997 6688753.32026,355121.15471 6688753.19398,355121.81020 6688753.12271,355122.46891 6688753.10689,355123.12326 6688753.14696,355123.78082 6688753.24247,355124.41827 6688753.38364,355125.05137 6688753.58070,355125.65744 6688753.83496,355126.24278 6688754.12379,355126.80864 6688754.46938,355127.33929 6688754.86151,355127.83407 6688755.28909,355128.29364 6688755.76321,355128.71671 6688756.26169)"
198143,"LINESTRING(355128.71671 6688756.26169,355128.29364 6688755.76321,355127.83407 6688755.28909,355127.33929 6688754.86151,355126.80864 6688754.46938,355126.24278 6688754.12379,355125.65744 6688753.83496,355125.05137 6688753.58070,355124.41827 6688753.38364,355123.78082 6688753.24247,355123.12326 6688753.14696,355122.46891 6688753.10689,355121.81020 6688753.12271,355121.15471 6688753.19398,355120.50997 6688753.32026,355119.87535 6688753.49045,355119.25905 6688753.71522,355118.66107 6688753.99456,355118.08832 6688754.31695,355117.54081 6688754.68238,355117.02672 6688755.10152,355116.55235 6688755.55174,355116.11012 6688756.03348,355115.71643 6688756.56804,355115.36937 6688757.12216,355115.06137 6688757.69628,355114.80064 6688758.30104,355114.59408 6688758.92493,355114.44170 6688759.56793,355114.34222 6688760.20788,355114.28936 6688760.86739,355114.29695 6688761.52340,355114.35743 6688762.17636,355114.47017 6688762.81516,355114.63581 6688763.45091,355114.85370 6688764.07252,355115.11565 6688764.66932,355115.42922 6688765.24089,355115.79439 6688765.78723,355116.19543 6688766.29811,355116.64053 6688766.78419,355117.12084 6688767.22373,355117.64457 6688767.62739,355118.18841 6688767.98537,355118.76746 6688768.29682,355119.36662 6688768.56260,355119.98589 6688768.78271,355120.61706 6688768.94650,355121.26834 6688769.06463,355121.92333 6688769.11578,355122.54554 6688769.12432,355123.17273 6688769.08807,355123.78916 6688768.99681,355124.40239 6688768.85010,355124.99858 6688768.67100,355125.58401 6688768.43689,355126.14421 6688768.15973,355126.75282 6688767.80189,355127.32044 6688767.39079,355127.85463 6688766.92599,355128.34091 6688766.41946,355128.78685 6688765.87075,355129.17797 6688765.29183,355129.52183 6688764.68226,355129.80267 6688764.03183,355130.02998 6688763.37337,355130.20247 6688762.68469)"
198144,"LINESTRING(355114.28936 6688760.86739,355107.28799 6688761.07180,355103.90984 6688761.52297,355087.07068 6688763.75360,355063.59695 6688767.68072,355049.03394 6688770.72561,355000.04665 6688781.45751,354989.41090 6688783.97507,354979.03918 6688787.25623,354972.17827 6688789.88934,354963.84866 6688793.60875,354958.76177 6688796.23943)"
198145,"LINESTRING(354958.76177 6688796.23943,354963.84866 6688793.60875,354972.17827 6688789.88934,354979.03918 6688787.25623,354989.41090 6688783.97507,355000.04665 6688781.45751,355049.03394 6688770.72561,355063.59695 6688767.68072,355087.07068 6688763.75360,355103.90984 6688761.52297,355107.28799 6688761.07180,355114.28936 6688760.86739)"
198146,"LINESTRING(355128.71671 6688756.26169,355136.01917 6688750.51014,355138.54287 6688748.91786,355144.66273 6688746.97310,355147.74785 6688746.30524,355153.75581 6688745.17917,355364.19216 6688698.89680)"
198147,"LINESTRING(355364.19216 6688698.89680,355153.75581 6688745.17917,355147.74785 6688746.30524,355144.66273 6688746.97310,355138.54287 6688748.91786,355136.01917 6688750.51014,355128.71671 6688756.26169)"
198531,"LINESTRING(355140.43659 6688959.42908,355147.59633 6688960.39492)"
198543,"LINESTRING(355286.44434 6688990.70163,355295.49250 6688983.93705)"
198544,"LINESTRING(355295.49250 6688983.93705,355286.44434 6688990.70163)"
198589,"LINESTRING(355475.67532 6689657.18423,355485.35665 6689656.93669,355486.77336 6689656.92164,355491.78530 6689656.81024,355499.49748 6689656.98797)"
198590,"LINESTRING(355499.49748 6689656.98797,355491.78530 6689656.81024,355486.77336 6689656.92164,355485.35665 6689656.93669,355475.67532 6689657.18423)"
199453,"LINESTRING(355201.08597 6689470.08141,355199.88426 6689452.96071,355199.81600 6689435.25157,355199.64896 6689431.96784,355199.40796 6689427.14182)"
199454,"LINESTRING(355199.40796 6689427.14182,355199.64896 6689431.96784,355199.81600 6689435.25157,355199.88426 6689452.96071,355201.08597 6689470.08141)"
199518,"LINESTRING(355819.49020 6689280.50959,355816.27454 6689281.40717,355812.93907 6689281.41044,355809.72556 6689280.50545,355806.87401 6689278.77849)"
199519,"LINESTRING(355806.87401 6689278.77849,355804.22090 6689275.76057,355802.68738 6689272.04387,355802.45644 6689268.04062,355803.53726 6689264.17309,355805.81753 6689260.85944)"
199520,"LINESTRING(355805.81753 6689260.85944,355807.91663 6689259.13617,355810.34048 6689257.91709)"
199521,"LINESTRING(355808.52930 6689304.31786,355808.28900 6689288.58809,355806.87401 6689278.77849)"
200001,"LINESTRING(355544.15065 6689090.31887,355549.82133 6689082.43677,355554.44345 6689078.45376,355558.55867 6689075.14535,355562.05708 6689072.84053)"
200002,"LINESTRING(355562.05708 6689072.84053,355558.55867 6689075.14535,355554.44345 6689078.45376,355549.82133 6689082.43677,355544.15065 6689090.31887)"
200123,"LINESTRING(355674.57119 6690008.30702,355684.04476 6690014.05771,355720.00614 6690035.88149,355724.34978 6690038.51252,355730.55561 6690042.28223)"
200895,"LINESTRING(355887.95466 6689862.61309,355884.59074 6689871.18519)"
200896,"LINESTRING(355884.59074 6689871.18519,355883.98894 6689872.71083,355875.97747 6689888.62732)"
200897,"LINESTRING(355875.97747 6689888.62732,355853.46789 6689934.55324)"
200898,"LINESTRING(355853.46789 6689934.55324,355826.28810 6689990.70671)"
200899,"LINESTRING(355826.28810 6689990.70671,355809.48263 6690025.25538,355797.16162 6690050.42181)"
200939,"LINESTRING(355899.99519 6689811.01597,355900.82627 6689810.96804)"
200940,"LINESTRING(355900.82627 6689810.96804,355903.41016 6689810.81900,355906.32600 6689810.11676,355911.00629 6689807.54368,355915.19302 6689803.64167,355922.19547 6689794.80410)"
200948,"LINESTRING(356237.99208 6688788.49281,356234.36054 6688787.17774,356226.09058 6688783.12585,356127.35259 6688740.32748,355974.58903 6688676.94649)"
201927,"LINESTRING(356103.83766 6689369.91232,356090.21092 6689363.53251,356086.08379 6689361.11124,356077.54160 6689355.35072)"
201928,"LINESTRING(356077.54160 6689355.35072,356086.08379 6689361.11124,356090.21092 6689363.53251,356103.83766 6689369.91232)"
201929,"LINESTRING(356077.54160 6689355.35072,356074.96921 6689353.72993)"
201930,"LINESTRING(356074.96921 6689353.72993,356077.54160 6689355.35072)"
202604,"LINESTRING(354650.52480 6689532.76757,354642.66719 6689523.14192,354638.88907 6689518.50953)"
202947,"LINESTRING(354806.51563 6689377.87354,354806.27948 6689379.03321,354806.08596 6689380.01240)"
202948,"LINESTRING(354806.08596 6689380.01240,354803.02134 6689395.31042)"
203597,"LINESTRING(356102.03198 6689287.94948,356114.44108 6689277.40979,356115.65591 6689276.12702)"
203608,"LINESTRING(354853.94049 6689351.23044,354846.25778 6689379.09020,354841.27368 6689396.06805,354840.00290 6689401.88277)"
203609,"LINESTRING(354840.00290 6689401.88277,354841.27368 6689396.06805,354846.25778 6689379.09020,354853.94049 6689351.23044)"
203650,"LINESTRING(355378.10084 6689816.81898,355379.41204 6689813.92829,355379.64889 6689807.66162,355378.81239 6689791.99959,355378.31976 6689782.81547)"
203651,"LINESTRING(355378.31976 6689782.81547,355378.81239 6689791.99959,355379.64889 6689807.66162,355379.41204 6689813.92829,355378.10084 6689816.81898)"
204143,"LINESTRING(355272.23196 6688998.23190,355260.65944 6688993.71568,355252.40757 6688989.33027,355238.43291 6688981.94879,355230.32397 6688978.20048,355220.80633 6688974.47795,355206.96953 6688970.27069,355198.42544 6688968.43904,355190.96146 6688965.48798)"
204148,"LINESTRING(355158.63070 6688964.38572,355170.79318 6688964.28363,355176.76064 6688964.42831,355185.52625 6688964.84522,355190.96146 6688965.48798)"
204149,"LINESTRING(355190.96146 6688965.48798,355185.52625 6688964.84522,355176.76064 6688964.42831,355170.79318 6688964.28363,355158.63070 6688964.38572)"
204449,"LINESTRING(355552.87915 6689878.20055,355549.39981 6689884.10923,355537.05119 6689905.37250,355531.75842 6689914.40112,355528.30308 6689920.33068)"
206567,"LINESTRING(356131.69056 6689299.29108,356134.63680 6689300.69006,356142.12978 6689304.03000,356172.69558 6689318.35696,356215.85986 6689338.58933,356220.85831 6689340.87146)"
206568,"LINESTRING(356220.85831 6689340.87146,356215.85986 6689338.58933,356172.69558 6689318.35696,356142.12978 6689304.03000,356134.63680 6689300.69006,356131.69056 6689299.29108)"
206769,"LINESTRING(355527.87056 6689659.85580,355527.77324 6689666.70409,355527.04164 6689671.36374,355524.59882 6689676.84540)"
206770,"LINESTRING(355548.39241 6689696.24437,355542.27691 6689689.97732,355530.12221 6689680.86573,355524.59882 6689676.84540)"
206771,"LINESTRING(355524.59882 6689676.84540,355530.12221 6689680.86573,355542.27691 6689689.97732,355548.39241 6689696.24437)"
206790,"LINESTRING(355430.05588 6689658.77298,355431.32991 6689665.47531,355434.83369 6689688.47128)"
206791,"LINESTRING(355434.83369 6689688.47128,355436.88846 6689701.60402,355458.51423 6689757.09917,355459.37392 6689760.56543)"
207372,"LINESTRING(356131.69056 6689299.29108,356132.14537 6689308.36610,356131.40792 6689311.22353,356113.34956 6689351.46199,356107.29487 6689363.60476,356105.92433 6689366.13152,356103.83766 6689369.91232)"
208119,"LINESTRING(356125.51133 6689310.98482,356106.81492 6689349.49101,356096.17454 6689372.95757,356087.57130 6689390.59898,356082.34742 6689402.94979)"
208582,"LINESTRING(354918.64808 6689056.74538,354922.40709 6689052.13308,354934.31035 6689036.14598,354966.91381 6688979.43002,354969.68090 6688972.21593)"
208583,"LINESTRING(354969.68090 6688972.21593,354966.91381 6688979.43002,354934.31035 6689036.14598,354922.40709 6689052.13308,354918.64808 6689056.74538)"
208584,"LINESTRING(354931.97376 6689070.72820,354941.67646 6689060.47604,354949.49374 6689051.96850,354956.07026 6689046.25867,354962.89185 6689041.24676,354968.60637 6689037.41151,354974.46415 6689034.48034,354981.87980 6689031.48135,355039.48898 6689015.17710)"
209656,"LINESTRING(356121.73195 6689283.68754,356127.02218 6689274.32590)"
209657,"LINESTRING(356127.02218 6689274.32590,356129.99809 6689269.13647,356130.87588 6689267.66172,356139.81181 6689255.78686,356148.24681 6689239.03422,356166.25399 6689203.02682,356170.16230 6689192.30959,356171.95774 6689187.28834,356174.74394 6689181.04176)"
209658,"LINESTRING(356174.74394 6689181.04176,356177.67476 6689174.54206,356179.54307 6689170.78500,356201.51769 6689125.60366,356204.76409 6689118.39597)"
209659,"LINESTRING(356204.76409 6689118.39597,356208.37097 6689111.52356)"
209790,"LINESTRING(355368.54070 6689665.36366,355368.17252 6689660.43372,355364.97663 6689610.22732,355364.33260 6689589.89227,355364.55959 6689587.65389)"
209793,"LINESTRING(355524.59882 6689676.84540,355506.28805 6689664.57341,355502.58921 6689662.35034,355499.49748 6689656.98797)"
210138,"LINESTRING(355604.87671 6689061.67918,355603.90747 6689061.56823,355602.96770 6689061.31094,355602.07441 6689060.93970,355601.24145 6689060.43147,355600.48521 6689059.80755,355599.83027 6689059.09989,355599.28355 6689058.29698,355598.86145 6689057.42012,355598.56525 6689056.49149)"
210281,"LINESTRING(356585.31018 6689147.79451,356584.54264 6689143.81103,356584.55902 6689139.74904,356585.34495 6689135.75402)"
210393,"LINESTRING(355603.69981 6689048.25097,355604.74500 6689048.10163,355605.79915 6689048.10754,355606.83268 6689048.28154,355607.83739 6689048.61296,355608.77486 6689049.09291,355609.62178 6689049.71160,355610.36931 6689050.44729,355610.99479 6689051.30129)"
210434,"LINESTRING(355611.84274 6689056.40380,355611.52190 6689057.41255,355611.06056 6689058.35154,355610.45054 6689059.21009,355609.72077 6689059.96429,355608.88574 6689060.60218,355607.95926 6689061.10071,355606.96337 6689061.44747,355605.92830 6689061.64073,355604.87671 6689061.67918)"
210435,"LINESTRING(355955.33701 6689050.86224,355958.11220 6689045.87345,355987.90622 6688994.84419,356028.11983 6688927.28172,356030.36473 6688924.27062,356038.95144 6688917.37805)"
210436,"LINESTRING(356038.95144 6688917.37805,356030.36473 6688924.27062,356028.11983 6688927.28172,355987.90622 6688994.84419,355958.11220 6689045.87345,355955.33701 6689050.86224)"
210439,"LINESTRING(356038.95144 6688917.37805,356023.88606 6688913.28426,355960.39432 6688899.66586,355951.33164 6688897.25110)"
210440,"LINESTRING(355951.33164 6688897.25110,355960.39432 6688899.66586,356023.88606 6688913.28426,356038.95144 6688917.37805)"
210442,"LINESTRING(355610.99479 6689051.30129,355611.48117 6689052.24120,355611.81208 6689053.24571,355611.98623 6689054.29266,355611.99479 6689055.36028,355611.84274 6689056.40380)"
210449,"LINESTRING(355886.70605 6688745.40005,355885.41753 6688749.61331,355878.60589 6688771.37959)"
210450,"LINESTRING(355878.60589 6688771.37959,355876.90701 6688775.83905,355870.70165 6688797.33673)"
210451,"LINESTRING(355870.70165 6688797.33673,355856.83930 6688839.34773,355849.28543 6688865.32921,355847.31443 6688871.77371)"
210454,"LINESTRING(355878.60589 6688771.37959,355883.25099 6688772.91415,355893.82815 6688775.03008,355899.39989 6688774.75326,355986.75004 6688790.29999,355997.51448 6688792.77246)"
210455,"LINESTRING(355997.51448 6688792.77246,355986.75004 6688790.29999,355899.39989 6688774.75326,355893.82815 6688775.03008,355883.25099 6688772.91415,355878.60589 6688771.37959)"
21075,"LINESTRING(355840.75799 6688632.96058,355847.31760 6688634.42919,355868.49494 6688639.18257,355896.15232 6688646.65541,355916.55222 6688653.31187,355936.39974 6688660.64556,355974.58903 6688676.94649)"
21077,"LINESTRING(355771.30895 6688626.93077,355808.12171 6688629.86963,355840.75799 6688632.96058)"
210798,"LINESTRING(355608.98716 6689773.77884,355605.70919 6689799.59190)"
210901,"LINESTRING(355485.11095 6689960.10908,355482.52143 6689965.41011)"
210902,"LINESTRING(355482.52143 6689965.41011,355480.87216 6689968.35369)"
210903,"LINESTRING(355480.87216 6689968.35369,355476.67449 6689976.12861)"
210904,"LINESTRING(355476.67449 6689976.12861,355472.59156 6689983.39624,355468.73671 6689991.46291,355463.58056 6690003.51007,355454.02423 6690022.18675,355450.33584 6690027.22860,355448.63754 6690028.92887,355444.50563 6690029.83510,355440.94725 6690030.04062)"
21168,"LINESTRING(354811.06024 6689144.03528,354808.88538 6689144.18336,354805.83514 6689143.09143,354783.15001 6689133.36661)"
21187,"LINESTRING(354699.04267 6689034.60281,354702.75447 6689037.69253,354797.04320 6689116.14030)"
212954,"LINESTRING(355482.76510 6689039.12185,355482.96707 6689040.25619,355483.03366 6689041.40948,355482.97871 6689042.55866,355482.78647 6689043.69351,355482.46386 6689044.80251,355482.02534 6689045.87370,355481.46899 6689046.87381)"
212987,"LINESTRING(355464.73751 6689047.67304,355464.05899 6689046.68860,355463.50508 6689045.63022,355463.08462 6689044.51962,355462.79070 6689043.36833,355462.63907 6689042.18658,355462.62280 6689040.98588,355462.74383 6689039.79951,355463.01035 6689038.63811,355463.40788 6689037.51366,355463.93772 6689036.44832,355464.58473 6689035.44297,355465.35022 6689034.51979,355466.21278 6689033.70227,355467.17178 6689032.97932)"
213047,"LINESTRING(355467.48041 6689050.14045,355466.46903 6689049.43114,355465.54948 6689048.60526,355464.73751 6689047.67304)"
213048,"LINESTRING(355481.46899 6689046.87381,355480.75333 6689047.87199,355479.92611 6689048.77648,355479.00118 6689049.56422,355477.97917 6689050.24630,355476.88902 6689050.79881,355475.73766 6689051.21020,355474.54839 6689051.49027,355473.32813 6689051.62749,355472.10646 6689051.60902,355470.89222 6689051.45661,355469.70743 6689051.15786,355468.55966 6689050.71233,355467.48041 6689050.14045)"
215268,"LINESTRING(355498.50218 6689557.83235,355497.26245 6689564.45732,355497.74833 6689570.77125,355497.89755 6689576.63731)"
215269,"LINESTRING(355497.89755 6689576.63731,355497.74833 6689570.77125,355497.26245 6689564.45732,355498.50218 6689557.83235)"
2154,"LINESTRING(356368.21525 6689616.20047,356370.96226 6689611.38037)"
215496,"LINESTRING(354955.69323 6689522.54297,354949.47464 6689520.79974,354939.12115 6689518.60584,354902.92801 6689511.88718,354801.88969 6689490.00552,354795.09374 6689489.55314,354783.33183 6689491.71351)"
2156,"LINESTRING(356370.96226 6689611.38037,356372.35646 6689608.47402)"
2158,"LINESTRING(356372.35646 6689608.47402,356373.63980 6689601.66875,356373.57270 6689598.92445,356373.12156 6689597.01447)"
21581,"LINESTRING(355852.81028 6689794.37804,355868.71402 6689804.49787,355887.37968 6689815.05926,355891.37445 6689817.55477,355905.64989 6689827.04541)"
21582,"LINESTRING(355822.10739 6689832.44312,355816.51641 6689829.87285)"
21583,"LINESTRING(355816.51641 6689829.87285,355809.75823 6689826.78024)"
216846,"LINESTRING(356070.06597 6689884.61120,356076.05604 6689887.26996,356117.55308 6689905.72836,356167.17821 6689927.77964,356173.94607 6689930.78308,356181.58682 6689934.07001)"
217120,"LINESTRING(356293.18532 6688938.38709,356297.17923 6688938.62433,356300.99947 6688939.79504)"
217121,"LINESTRING(356300.99947 6688939.79504,356305.07334 6688942.34191,356308.25261 6688945.94168)"
217362,"LINESTRING(356306.76099 6688966.24385,356302.26644 6688969.81835,356296.82402 6688971.67839)"
217365,"LINESTRING(356310.98414 6688955.72001,356309.78470 6688961.35219,356306.76099 6688966.24385)"
217366,"LINESTRING(356308.25261 6688945.94168,356310.37922 6688950.61456,356310.98414 6688955.72001)"
21747,"LINESTRING(356131.69056 6689299.29108,356126.76239 6689308.62072,356125.51133 6689310.98482)"
217618,"LINESTRING(355958.25576 6689170.76806,355942.69462 6689195.14171,355939.79432 6689199.53692,355939.06448 6689200.94753,355937.15476 6689203.98385)"
217619,"LINESTRING(355937.15476 6689203.98385,355939.06448 6689200.94753,355939.79432 6689199.53692,355942.69462 6689195.14171,355958.25576 6689170.76806)"
217628,"LINESTRING(355782.72596 6688781.20470,355790.45079 6688783.02882,355804.40539 6688786.65207,355810.66355 6688787.10329,355819.31058 6688787.82838,355821.05394 6688788.08386,355829.37703 6688789.23933,355865.47972 6688795.79095,355870.70165 6688797.33673)"
217629,"LINESTRING(355870.70165 6688797.33673,355865.47972 6688795.79095,355829.37703 6688789.23933,355821.05394 6688788.08386,355819.31058 6688787.82838,355810.66355 6688787.10329,355804.40539 6688786.65207,355790.45079 6688783.02882,355782.72596 6688781.20470)"
217687,"LINESTRING(356115.63433 6689259.70598,356118.05506 6689264.35072,356121.13553 6689271.76125,356122.10488 6689272.79575,356123.49777 6689273.54993,356127.02218 6689274.32590)"
217690,"LINESTRING(355775.69334 6689104.01509,355778.95000 6689104.48365,355780.66677 6689104.67389,355816.68779 6689112.73187,355847.36355 6689136.02978,355851.22438 6689138.95581,355882.97046 6689163.07112,355901.22970 6689176.93831,355917.26137 6689189.12044,355932.21651 6689200.25206,355937.15476 6689203.98385)"
217691,"LINESTRING(355937.15476 6689203.98385,355932.21651 6689200.25206,355917.26137 6689189.12044,355901.22970 6689176.93831,355882.97046 6689163.07112,355851.22438 6689138.95581,355847.36355 6689136.02978,355816.68779 6689112.73187,355780.66677 6689104.67389,355778.95000 6689104.48365,355775.69334 6689104.01509)"
21777,"LINESTRING(355183.96009 6689921.90980,355186.71162 6689920.72714)"
219660,"LINESTRING(355540.23014 6689786.73843,355539.34157 6689791.82995,355538.23159 6689795.84387,355528.24694 6689816.95952,355524.05676 6689823.55458,355507.31726 6689849.64435,355505.33937 6689853.98656)"
219661,"LINESTRING(355567.67854 6689790.53878,355558.68304 6689788.74387,355540.23014 6689786.73843)"
219662,"LINESTRING(355605.70919 6689799.59190,355574.17042 6689792.16671,355572.10604 6689791.72958,355567.67854 6689790.53878)"
219663,"LINESTRING(355505.33937 6689853.98656,355485.76761 6689889.44140)"
219664,"LINESTRING(355485.76761 6689889.44140,355505.33937 6689853.98656)"
219665,"LINESTRING(355600.87634 6689726.90474,355595.93147 6689723.97470,355593.04816 6689721.82689,355589.63202 6689718.85311,355586.85807 6689716.49871)"
220267,"LINESTRING(355503.31703 6689083.87552,355500.07763 6689081.73717)"
220268,"LINESTRING(355500.07763 6689081.73717,355497.29480 6689079.62809)"
220269,"LINESTRING(355497.29480 6689079.62809,355494.33318 6689077.57384,355487.52280 6689071.62510,355478.41969 6689063.12733,355470.66604 6689054.62953,355467.48041 6689050.14045)"
220366,"LINESTRING(355338.94459 6688894.07452,355346.39080 6688882.01745,355353.38820 6688865.60257,355355.37866 6688859.63518,355360.01531 6688834.24426,355361.17541 6688822.03849,355363.16011 6688790.63680)"
220728,"LINESTRING(356043.25155 6689532.71008,356053.05399 6689536.13927,356090.16020 6689554.52808)"
220729,"LINESTRING(356148.21398 6689475.89080,356140.64426 6689476.08230)"
222010,"LINESTRING(355764.56009 6689749.85752,355766.44567 6689737.34294,355767.46457 6689728.59453,355768.27275 6689721.44935,355773.14369 6689716.66216)"
222011,"LINESTRING(355781.01352 6689723.38452,355776.78711 6689730.67130,355764.56009 6689749.85752)"
222234,"LINESTRING(356010.77198 6689084.13771,356007.92296 6689082.45502,355989.94930 6689071.83102,355962.23643 6689055.47121,355955.33701 6689050.86224)"
222235,"LINESTRING(355955.33701 6689050.86224,355962.23643 6689055.47121,355989.94930 6689071.83102,356007.92296 6689082.45502,356010.77198 6689084.13771)"
222236,"LINESTRING(355955.33701 6689050.86224,355936.83597 6689040.82512,355931.96752 6689037.12268,355924.20921 6689032.60778,355915.82273 6689027.71745,355900.91310 6689018.69720,355897.69332 6689017.94829,355895.24782 6689017.61090,355865.28700 6688999.87911,355824.86343 6688975.44105,355821.44811 6688973.66872,355819.37660 6688972.58658,355817.14630 6688971.38009)"
222237,"LINESTRING(355817.14630 6688971.38009,355819.37660 6688972.58658,355821.44811 6688973.66872,355824.86343 6688975.44105,355865.28700 6688999.87911,355895.24782 6689017.61090,355897.69332 6689017.94829,355900.91310 6689018.69720,355915.82273 6689027.71745,355924.20921 6689032.60778,355931.96752 6689037.12268,355936.83597 6689040.82512,355955.33701 6689050.86224)"
222446,"LINESTRING(356381.43116 6688992.46221,356377.90855 6688992.50931,356374.55004 6688991.45660,356371.68066 6688989.41887)"
222799,"LINESTRING(355725.01786 6689656.15297,355740.37571 6689674.53743)"
223994,"LINESTRING(355020.16750 6689372.67016,355019.45067 6689378.49730,355015.70105 6689410.14599,355012.32489 6689432.12656)"
224367,"LINESTRING(355701.16746 6689915.53648,355682.27984 6689947.62440)"
22783,"LINESTRING(355735.46969 6690055.06090,355728.62233 6690051.99578,355725.08604 6690049.56293,355721.67872 6690046.34380,355718.58279 6690044.18596,355717.06633 6690043.12747,355713.60686 6690040.71244,355702.54121 6690033.77408,355694.50067 6690028.68612,355687.89746 6690024.86149,355684.11221 6690022.84358,355678.43032 6690018.56524,355671.52273 6690013.14489,355661.96003 6690006.37575,355652.90314 6689997.86398,355649.53673 6689994.69816)"
22784,"LINESTRING(355778.72241 6690075.83005,355770.58965 6690071.63742)"
22785,"LINESTRING(355649.53673 6689994.69816,355610.50034 6689971.48348,355556.27976 6689939.19882)"
22786,"LINESTRING(355556.27976 6689939.19882,355610.50034 6689971.48348,355649.53673 6689994.69816)"
22788,"LINESTRING(355852.81028 6689794.37804,355887.86854 6689806.97565,355896.63175 6689810.39776,355899.99519 6689811.01597)"
22792,"LINESTRING(356177.08614 6688883.57051,356177.50968 6688882.50024,356178.16067 6688881.56151,356179.01962 6688880.81106)"
22793,"LINESTRING(356179.01962 6688880.81106,356180.08655 6688880.24891,356181.26077 6688879.96985,356182.45915 6688879.97868,356183.62190 6688880.28997,356184.67907 6688880.87437,356185.55320 6688881.70297)"
22794,"LINESTRING(356185.55320 6688881.70297,356186.20267 6688882.71140,356186.57958 6688883.85794,356186.66370 6688885.05472,356186.45940 6688886.24586,356185.96157 6688887.34266,356185.10475 6688888.39339,356183.98888 6688889.15864)"
22795,"LINESTRING(356183.98888 6688889.15864,356182.70271 6688889.59992,356181.34884 6688889.65568,356180.02741 6688889.35353,356178.84422 6688888.68738)"
22796,"LINESTRING(356178.84422 6688888.68738,356180.02741 6688889.35353,356181.34884 6688889.65568,356182.70271 6688889.59992,356183.98888 6688889.15864,356185.10475 6688888.39339,356185.96157 6688887.34266,356186.45940 6688886.24586,356186.66370 6688885.05472,356186.57958 6688883.85794,356186.20267 6688882.71140,356185.55320 6688881.70297,356184.67907 6688880.87437,356183.62190 6688880.28997,356182.45915 6688879.97868,356181.26077 6688879.96985,356180.08655 6688880.24891,356179.01962 6688880.81106,356178.16067 6688881.56151,356177.50968 6688882.50024,356177.08614 6688883.57051)"
22797,"LINESTRING(355922.19547 6689794.80410,355913.22493 6689812.23338,355911.30914 6689815.94879)"
22798,"LINESTRING(355911.30914 6689815.94879,355910.05662 6689818.54669,355905.64989 6689827.04541)"
228449,"LINESTRING(355822.19833 6688949.34802,355822.67238 6688950.60019,355822.52397 6688952.23318,355817.14630 6688971.38009)"
228450,"LINESTRING(355817.14630 6688971.38009,355822.52397 6688952.23318,355822.67238 6688950.60019,355822.19833 6688949.34802)"
228642,"LINESTRING(355997.51448 6688792.77246,356010.16568 6688790.22953)"
228643,"LINESTRING(356010.16568 6688790.22953,355997.51448 6688792.77246)"
229139,"LINESTRING(355825.22207 6689275.39465,355823.69823 6689277.49641,355821.75908 6689279.23270,355819.49020 6689280.50959)"
229140,"LINESTRING(355810.34048 6689257.91709,355812.97074 6689257.25355)"
229141,"LINESTRING(355812.97074 6689257.25355,355815.99324 6689257.21270,355818.92259 6689257.92269,355821.59564 6689259.31504,355823.84232 6689261.33280,355825.53278 6689263.82770)"
229142,"LINESTRING(355825.53278 6689263.82770,355826.54473 6689266.65102,355826.83898 6689269.64925,355826.38891 6689272.62367,355825.22207 6689275.39465)"
229224,"LINESTRING(356008.89508 6689359.93128,356010.46687 6689362.21054,356011.10563 6689363.95391,356011.25577 6689366.42640,356010.98714 6689368.86741)"
229225,"LINESTRING(355993.20919 6689364.38496,355994.30424 6689361.55139,355996.27752 6689359.22349)"
229226,"LINESTRING(356010.98714 6689368.86741,356009.58537 6689371.64077,356007.32922 6689373.79583,356004.48418 6689375.07248,356001.36747 6689375.31894,355998.35689 6689374.51342)"
229227,"LINESTRING(355998.35689 6689374.51342,355995.83162 6689372.78982,355994.01537 6689370.34663,355993.10482 6689367.43956,355993.20919 6689364.38496)"
229241,"LINESTRING(356220.85831 6689340.87146,356223.44277 6689341.91305,356225.42506 6689341.97685)"
229242,"LINESTRING(356225.42506 6689341.97685,356223.44277 6689341.91305,356220.85831 6689340.87146)"
230430,"LINESTRING(355774.37303 6688637.06801,355787.11114 6688637.73508)"
230431,"LINESTRING(355787.11114 6688637.73508,355794.19047 6688637.96090)"
230432,"LINESTRING(355794.19047 6688637.96090,355797.72442 6688638.36899)"
230433,"LINESTRING(355797.72442 6688638.36899,355806.28134 6688639.49982,355813.81438 6688640.75648)"
230434,"LINESTRING(355813.81438 6688640.75648,355828.34688 6688643.08920)"
230435,"LINESTRING(355679.42310 6689037.09362,355712.64219 6689046.24730)"
230436,"LINESTRING(355712.64219 6689046.24730,355679.42310 6689037.09362)"
230437,"LINESTRING(355757.79331 6688723.57398,355755.08356 6688730.61744,355739.08142 6688764.44090,355702.28522 6688842.18897,355685.91230 6688876.80173,355685.17105 6688878.80273)"
230438,"LINESTRING(355685.17105 6688878.80273,355685.91230 6688876.80173,355702.28522 6688842.18897,355739.08142 6688764.44090,355755.08356 6688730.61744,355757.79331 6688723.57398)"
230439,"LINESTRING(355757.79331 6688723.57398,355766.88628 6688724.27327,355784.00281 6688726.97974,355814.41018 6688731.79015,355842.68025 6688736.74624,355881.62742 6688743.57896,355886.70605 6688745.40005)"
230440,"LINESTRING(355741.24762 6688642.58395,355735.58325 6688643.62283,355727.58254 6688645.43071)"
230441,"LINESTRING(355727.58254 6688645.43071,355735.58325 6688643.62283,355741.24762 6688642.58395)"
231451,"LINESTRING(354818.34521 6689394.56847,354817.32097 6689393.63748,354809.73898 6689381.95956,354808.94404 6689380.53687,354806.08596 6689380.01240)"
231454,"LINESTRING(354784.61845 6689392.10270,354787.59020 6689390.00589,354802.97268 6689378.74611,354806.08596 6689380.01240)"
231463,"LINESTRING(354818.07807 6689397.94408,354817.72511 6689402.32603,354816.17982 6689402.87162,354804.40858 6689411.16309,354799.12315 6689414.80681,354793.81891 6689418.51838,354790.98326 6689414.84386,354788.70439 6689411.88259,354789.78272 6689410.99685,354790.25702 6689410.54660,354790.71542 6689409.95263,354790.96582 6689409.17043,354791.07394 6689408.41870,354791.10345 6689407.74942,354791.13730 6689407.02424,354791.05411 6689406.37260,354790.87205 6689405.71556,354790.68322 6689405.20354,354790.48057 6689404.71458,354790.05530 6689403.91584,354789.62647 6689403.31758,354789.23121 6689402.90652,354788.24746 6689402.15122,354787.66844 6689401.83980,354786.50749 6689401.42854,354785.49537 6689401.23120,354784.79126 6689401.11617,354783.50229 6689401.11287,354782.25395 6689401.41875,354781.27064 6689402.24337,354779.52460 6689399.97449,354777.39199 6689397.18278,354784.61845 6689392.10270,354787.59020 6689390.00589,354802.97268 6689378.74611,354806.08596 6689380.01240,354808.94404 6689380.53687,354809.73898 6689381.95956,354817.32097 6689393.63748,354818.34521 6689394.56847)"
231464,"LINESTRING(354818.34521 6689394.56847,354817.32097 6689393.63748,354809.73898 6689381.95956,354808.94404 6689380.53687,354806.08596 6689380.01240,354802.97268 6689378.74611,354787.59020 6689390.00589,354784.61845 6689392.10270,354777.39199 6689397.18278,354779.52460 6689399.97449,354781.27064 6689402.24337,354782.25395 6689401.41875,354783.50229 6689401.11287,354784.79126 6689401.11617,354785.49537 6689401.23120,354786.50749 6689401.42854,354787.66844 6689401.83980,354788.24746 6689402.15122,354789.23121 6689402.90652,354789.62647 6689403.31758,354790.05530 6689403.91584,354790.48057 6689404.71458,354790.68322 6689405.20354,354790.87205 6689405.71556,354791.05411 6689406.37260,354791.13730 6689407.02424,354791.10345 6689407.74942,354791.07394 6689408.41870,354790.96582 6689409.17043,354790.71542 6689409.95263,354790.25702 6689410.54660,354789.78272 6689410.99685,354788.70439 6689411.88259,354790.98326 6689414.84386,354793.81891 6689418.51838,354799.12315 6689414.80681,354804.40858 6689411.16309,354816.17982 6689402.87162,354817.72511 6689402.32603,354818.07807 6689397.94408)"
231472,"LINESTRING(356442.59653 6689039.45277,356440.60244 6689038.13232,356435.36375 6689034.84022)"
231474,"LINESTRING(356565.55080 6689114.55204,356560.84233 6689111.90801)"
231475,"LINESTRING(356575.00946 6689123.33131,356565.55080 6689114.55204)"
235917,"LINESTRING(355207.33216 6689463.64547,355194.81341 6689461.63189)"
235918,"LINESTRING(355194.81341 6689461.63189,355207.33216 6689463.64547)"
236653,"LINESTRING(355680.89301 6688887.43877,355688.16738 6688890.52376,355690.75533 6688891.62056,355695.44994 6688893.61942,355736.22138 6688910.92692)"
236654,"LINESTRING(355736.22138 6688910.92692,355695.44994 6688893.61942,355690.75533 6688891.62056,355688.16738 6688890.52376,355680.89301 6688887.43877)"
236655,"LINESTRING(355736.22138 6688910.92692,355759.54781 6688921.27475,355765.53255 6688923.82229,355817.87856 6688945.30248,355819.21047 6688946.04899,355820.64573 6688946.87855,355821.68447 6688947.93126,355822.19833 6688949.34802)"
236656,"LINESTRING(355822.19833 6688949.34802,355821.68447 6688947.93126,355820.64573 6688946.87855,355819.21047 6688946.04899,355817.87856 6688945.30248,355765.53255 6688923.82229,355759.54781 6688921.27475,355736.22138 6688910.92692)"
236659,"LINESTRING(355755.68951 6688869.24859,355821.95541 6688896.11194)"
236660,"LINESTRING(355821.95541 6688896.11194,355755.68951 6688869.24859)"
236675,"LINESTRING(355736.22138 6688910.92692,355738.73705 6688907.35489,355740.18731 6688903.18789,355755.68951 6688869.24859)"
236676,"LINESTRING(355755.68951 6688869.24859,355740.18731 6688903.18789,355738.73705 6688907.35489,355736.22138 6688910.92692)"
236687,"LINESTRING(356077.54160 6689355.35072,356080.76194 6689349.66873,356096.55650 6689321.32106,356101.23020 6689312.70700,356103.27871 6689304.05512,356103.10857 6689300.97184,356102.03198 6689287.94948)"
236744,"LINESTRING(356174.74394 6689181.04176,356166.79646 6689176.52634,356093.26653 6689133.37767,356086.67925 6689129.05098)"
236745,"LINESTRING(356086.67925 6689129.05098,356093.26653 6689133.37767,356166.79646 6689176.52634,356174.74394 6689181.04176)"
237006,"LINESTRING(355778.08022 6689670.83754,355776.49676 6689671.64099,355774.35882 6689672.03137,355771.05494 6689671.92159)"
237007,"LINESTRING(355771.05494 6689671.92159,355774.35882 6689672.03137,355776.49676 6689671.64099,355778.08022 6689670.83754)"
237008,"LINESTRING(355750.30522 6689773.96733,355752.46346 6689770.38252,355754.27837 6689767.28483,355759.92930 6689757.62382,355761.13003 6689755.57407,355763.29700 6689751.87750,355764.56009 6689749.85752)"
237009,"LINESTRING(355764.56009 6689749.85752,355763.29700 6689751.87750,355761.13003 6689755.57407,355759.92930 6689757.62382,355754.27837 6689767.28483,355752.46346 6689770.38252,355750.30522 6689773.96733)"
238570,"LINESTRING(355194.81341 6689461.63189,355164.52142 6689456.53996)"
238571,"LINESTRING(355164.52142 6689456.53996,355194.81341 6689461.63189)"
239254,"LINESTRING(355750.30522 6689773.96733,355755.41813 6689776.26472,355798.96376 6689796.56102)"
239882,"LINESTRING(355499.49748 6689656.98797,355510.07252 6689657.64573,355527.87056 6689659.85580)"
239883,"LINESTRING(355527.87056 6689659.85580,355510.07252 6689657.64573,355499.49748 6689656.98797)"
24041,"LINESTRING(355798.96376 6689796.56102,355808.72867 6689800.52602)"
240469,"LINESTRING(355483.24633 6689615.53525,355478.96388 6689629.06733,355476.97547 6689638.87316,355476.80171 6689641.50900,355476.29504 6689647.56871)"
240470,"LINESTRING(355476.29504 6689647.56871,355476.80171 6689641.50900,355476.97547 6689638.87316,355478.96388 6689629.06733,355483.24633 6689615.53525)"
240565,"LINESTRING(355476.29504 6689647.56871,355475.67532 6689657.18423)"
240566,"LINESTRING(355475.67532 6689657.18423,355476.29504 6689647.56871)"
240617,"LINESTRING(354905.25696 6689357.65265,354911.98212 6689358.32067)"
240618,"LINESTRING(354911.98212 6689358.32067,354905.25696 6689357.65265)"
240619,"LINESTRING(354911.98212 6689358.32067,354914.11519 6689359.81061,354916.71317 6689360.29454,354919.06196 6689359.74702)"
240620,"LINESTRING(354919.06196 6689359.74702,354916.71317 6689360.29454,354914.11519 6689359.81061,354911.98212 6689358.32067)"
240740,"LINESTRING(356115.63433 6689259.70598,356110.69687 6689235.33489,356107.46551 6689219.38814,356106.28714 6689214.72743,356105.35456 6689211.04277,356088.80460 6689137.25087,356086.67925 6689129.05098)"
240741,"LINESTRING(356086.67925 6689129.05098,356088.80460 6689137.25087,356105.35456 6689211.04277,356106.28714 6689214.72743,356107.46551 6689219.38814,356110.69687 6689235.33489,356115.63433 6689259.70598)"
240742,"LINESTRING(356086.67925 6689129.05098,356081.36522 6689108.54016,356071.41874 6689064.21927,356069.36683 6689055.05830)"
240743,"LINESTRING(356069.36683 6689055.05830,356071.41874 6689064.21927,356081.36522 6689108.54016,356086.67925 6689129.05098)"
240744,"LINESTRING(356069.36683 6689055.05830,356067.55136 6689046.97406)"
240745,"LINESTRING(356067.55136 6689046.97406,356069.36683 6689055.05830)"
240746,"LINESTRING(356067.55136 6689046.97406,356063.04364 6689026.90633,356058.87184 6689007.93187)"
240747,"LINESTRING(356058.87184 6689007.93187,356063.04364 6689026.90633,356067.55136 6689046.97406)"
240748,"LINESTRING(356058.87184 6689007.93187,356056.45624 6688996.93379,356055.13182 6688990.92410)"
240749,"LINESTRING(356055.13182 6688990.92410,356056.45624 6688996.93379,356058.87184 6689007.93187)"
240750,"LINESTRING(356055.13182 6688990.92410,356053.56020 6688983.78267,356041.08072 6688927.09087,356038.95144 6688917.37805)"
240751,"LINESTRING(356038.95144 6688917.37805,356041.08072 6688927.09087,356053.56020 6688983.78267,356055.13182 6688990.92410)"
240752,"LINESTRING(356038.95144 6688917.37805,356036.94672 6688908.24775,356011.84152 6688799.83496)"
240753,"LINESTRING(356011.84152 6688799.83496,356036.94672 6688908.24775,356038.95144 6688917.37805)"
240754,"LINESTRING(356011.84152 6688799.83496,356010.16568 6688790.22953)"
240755,"LINESTRING(356010.16568 6688790.22953,356011.84152 6688799.83496)"
240756,"LINESTRING(356010.16568 6688790.22953,355997.01804 6688720.38068)"
240757,"LINESTRING(355997.01804 6688720.38068,356010.16568 6688790.22953)"
241224,"LINESTRING(355075.88223 6689977.41400,355130.91670 6689950.29949,355133.09095 6689949.22806,355146.22055 6689943.72925,355152.47162 6689940.79772,355155.69343 6689938.96478,355159.11469 6689936.38598,355162.86564 6689932.95365,355164.01804 6689931.90792)"
24206,"LINESTRING(355010.75308 6689443.48842,354998.34772 6689460.35007,354987.36764 6689475.63840,354960.72187 6689516.03252,354955.69323 6689522.54297)"
24207,"LINESTRING(354955.69323 6689522.54297,354950.18116 6689530.39429,354895.97907 6689606.81858,354894.30231 6689609.80842,354891.34981 6689613.94019)"
24214,"LINESTRING(354973.35491 6689425.24537,355012.32489 6689432.12656)"
242800,"LINESTRING(355001.50753 6688927.22776,355117.34389 6688928.48644,355249.72440 6688957.06331)"
242801,"LINESTRING(355249.72440 6688957.06331,355117.34389 6688928.48644,355001.50753 6688927.22776)"
242806,"LINESTRING(355001.50753 6688927.22776,354988.32673 6688928.60185,354976.79052 6688929.70285)"
242807,"LINESTRING(354976.79052 6688929.70285,354988.32673 6688928.60185,355001.50753 6688927.22776)"
242972,"LINESTRING(355070.12704 6689004.18212,355077.24699 6689000.13222)"
242973,"LINESTRING(355077.24699 6689000.13222,355080.49633 6688998.24206)"
242974,"LINESTRING(355080.49633 6688998.24206,355090.11396 6688991.88928)"
243566,"LINESTRING(355685.17105 6688878.80273,355680.89301 6688887.43877)"
243567,"LINESTRING(355680.89301 6688887.43877,355685.17105 6688878.80273)"
243568,"LINESTRING(355680.89301 6688887.43877,355677.02955 6688896.29568,355675.30285 6688899.74432,355667.34597 6688917.28227,355661.25186 6688930.70729,355647.63779 6688960.69936,355643.93519 6688969.05746,355617.29688 6689028.21774)"
243569,"LINESTRING(355617.29688 6689028.21774,355643.93519 6688969.05746,355647.63779 6688960.69936,355661.25186 6688930.70729,355667.34597 6688917.28227,355675.30285 6688899.74432,355677.02955 6688896.29568,355680.89301 6688887.43877)"
24393,"LINESTRING(354912.39153 6689703.14690,354902.45589 6689694.54238,354900.01935 6689692.39129,354894.53344 6689687.32347,354886.37477 6689679.42841,354876.30804 6689667.24882,354873.40255 6689664.06787)"
24394,"LINESTRING(354873.40255 6689664.06787,354876.30804 6689667.24882,354886.37477 6689679.42841,354894.53344 6689687.32347,354900.01935 6689692.39129,354902.45589 6689694.54238,354912.39153 6689703.14690)"
245191,"LINESTRING(355390.94305 6689306.96013,355403.16431 6689283.86817,355414.35205 6689262.43812,355420.68598 6689250.55661)"
245224,"LINESTRING(356294.88150 6689254.07261,356294.69756 6689252.45878,356293.51623 6689250.90241,356289.98721 6689248.33529,356226.58260 6689209.57519,356192.78085 6689190.53888,356188.96646 6689188.67808)"
245225,"LINESTRING(356188.96646 6689188.67808,356192.78085 6689190.53888,356226.58260 6689209.57519,356289.98721 6689248.33529,356293.51623 6689250.90241,356294.69756 6689252.45878,356294.88150 6689254.07261)"
245274,"LINESTRING(355426.61373 6689254.87618,355420.24098 6689265.69180,355408.55108 6689288.14108,355396.95554 6689310.38467)"
245469,"LINESTRING(355833.35894 6688900.72799,355838.09423 6688902.51321)"
245470,"LINESTRING(355838.09423 6688902.51321,355833.35894 6688900.72799)"
245661,"LINESTRING(355428.93658 6688714.57297,355418.82531 6688716.59216,355411.05403 6688717.77528,355393.64832 6688720.43830,355392.00994 6688720.68869,355390.72302 6688720.98554)"
245662,"LINESTRING(355390.72302 6688720.98554,355392.00994 6688720.68869,355393.64832 6688720.43830,355411.05403 6688717.77528,355418.82531 6688716.59216,355428.93658 6688714.57297)"
245663,"LINESTRING(355845.42973 6689806.90917,355849.92790 6689799.33973,355852.81028 6689794.37804)"
246003,"LINESTRING(356158.71497 6689417.38480,356154.72989 6689415.32247)"
246004,"LINESTRING(356154.72989 6689415.32247,356158.71497 6689417.38480)"
246039,"LINESTRING(356154.72989 6689415.32247,356139.65354 6689408.64780)"
246040,"LINESTRING(356139.65354 6689408.64780,356154.72989 6689415.32247)"
24761,"LINESTRING(355691.69884 6689680.15031,355697.58613 6689680.88979,355717.61030 6689682.27099)"
24762,"LINESTRING(355717.61030 6689682.27099,355697.58613 6689680.88979,355691.69884 6689680.15031)"
247861,"LINESTRING(354912.39153 6689703.14690,354916.47295 6689699.00547,354923.67027 6689692.24714,354931.88247 6689684.16172,354934.14796 6689682.96256,354938.52732 6689681.87478)"
247862,"LINESTRING(354938.52732 6689681.87478,354934.14796 6689682.96256,354931.88247 6689684.16172,354923.67027 6689692.24714,354916.47295 6689699.00547,354912.39153 6689703.14690)"
24995,"LINESTRING(355730.55561 6690042.28223,355733.53485 6690036.11324,355748.74349 6690004.63832,355752.58935 6689996.67250,355755.14886 6689991.37334)"
24996,"LINESTRING(355755.14886 6689991.37334,355763.26104 6689974.58299)"
250006,"LINESTRING(354969.03026 6689969.28449,354970.61044 6689973.27647,354971.42522 6689975.69940,354972.18412 6689977.68050,354972.73613 6689978.70558,354973.52953 6689979.97261,354974.86098 6689982.15425,354976.17902 6689984.75947,354976.57129 6689986.56151,354976.70761 6689988.65651,354976.49334 6689990.84967,354976.07430 6689992.91002,354961.24639 6690034.17856)"
250138,"LINESTRING(355704.11894 6689629.63236,355708.99980 6689636.83866,355709.51367 6689637.59897,355725.01786 6689656.15297)"
25061,"LINESTRING(355002.70101 6689830.06027,355006.95895 6689825.56377,355016.60379 6689816.56113,355019.44803 6689813.70409,355021.18997 6689812.23482,355027.13847 6689807.08426)"
25078,"LINESTRING(355008.62821 6689841.84522,355003.68444 6689847.98358,354999.32949 6689854.21027,354995.99399 6689860.50040,354992.87019 6689866.91181,354991.28512 6689870.83095,354989.11257 6689876.51976,354987.68765 6689881.24186,354986.38461 6689885.71213,354985.20510 6689889.69682,354981.73176 6689904.35082,354978.01453 6689920.55438,354976.28897 6689926.76254,354970.26063 6689950.32077,354969.83026 6689951.79209,354968.89426 6689955.00611,354968.38637 6689962.34550)"
250907,"LINESTRING(355140.43659 6688959.42908,355140.88488 6688959.97061,355141.29666 6688960.53650,355141.67886 6688961.11523,355142.02457 6688961.71832,355142.34068 6688962.33425,355142.62030 6688962.97454,355142.87033 6688963.62767,355143.08258 6688964.28298,355143.25078 6688964.96309,355143.38875 6688965.64494,355143.48893 6688966.32898,355143.54443 6688967.02673,355143.56905 6688967.71514,355143.55654 6688968.41682,355143.49804 6688969.11003,355143.40868 6688969.79390,355143.28154 6688970.47995,355143.11597 6688971.15710,355142.91199 6688971.82534,355142.67649 6688972.47315,355142.39502 6688973.11249,355142.09024 6688973.74205,355141.74575 6688974.34053)"
250908,"LINESTRING(355127.84539 6688980.18417,355127.12983 6688980.00300,355126.42619 6688979.76551,355125.73573 6688979.49389,355125.05782 6688979.17703,355124.40821 6688978.82516,355123.77180 6688978.43914,355123.16368 6688978.01811,355122.58387 6688977.56207,355122.03236 6688977.07101,355121.50160 6688976.54538,355121.00733 6688975.99538,355120.54893 6688975.40993,355120.12011 6688974.81164,355119.73470 6688974.17747,355119.37888 6688973.53046,355119.06711 6688972.85865,355118.79248 6688972.17356,355118.55500 6688971.47521)"
250909,"LINESTRING(355118.55500 6688971.47521,355118.35209 6688970.71922,355118.19387 6688969.94953,355118.08856 6688969.17677,355118.02857 6688968.40140,355118.01329 6688967.61231)"
250910,"LINESTRING(355141.74575 6688974.34053,355141.31508 6688975.02187,355140.83650 6688975.66148,355140.31886 6688976.28109,355139.76843 6688976.85809,355139.17830 6688977.40401,355138.55538 6688977.90732,355137.90031 6688978.37911,355137.21937 6688978.79676,355136.51383 6688979.18245)"
250911,"LINESTRING(355129.42204 6688955.12563,355130.06305 6688955.06633,355130.71417 6688955.05094,355131.35902 6688955.05818,355132.00644 6688955.10977,355132.64758 6688955.18397,355133.29064 6688955.29145,355133.92052 6688955.43306,355134.54476 6688955.60838,355135.15581 6688955.81784,355135.76058 6688956.04992,355136.35217 6688956.31613,355136.93056 6688956.61649,355137.48757 6688956.94034,355138.03075 6688957.28724,355138.55318 6688957.66872,355139.06178 6688958.07325,355139.54144 6688958.50170,355139.99971 6688958.95364,355140.43659 6688959.42908)"
25098,"LINESTRING(355955.42207 6689726.21939,355924.16392 6689790.81864,355922.19547 6689794.80410)"
251098,"LINESTRING(355147.59633 6688960.39492,355149.91923 6688960.83924)"
252437,"LINESTRING(355303.82791 6689665.94236,355304.70338 6689664.30072,355305.98276 6689662.95840,355307.58115 6689662.02045,355309.38022 6689661.53821)"
252438,"LINESTRING(355309.38022 6689661.53821,355310.94112 6689661.52591,355312.46964 6689661.87153,355313.87383 6689662.55812)"
252447,"LINESTRING(355683.33072 6689724.55978,355682.58935 6689737.06399,355682.17570 6689743.81926)"
252448,"LINESTRING(355682.17570 6689743.81926,355682.58935 6689737.06399,355683.33072 6689724.55978)"
252684,"LINESTRING(356279.70711 6688946.57354,356278.52255 6688941.14545,356276.25642 6688937.60436,356273.03421 6688933.12812,356266.94615 6688925.62376)"
252685,"LINESTRING(356067.55136 6689046.97406,356074.92530 6689045.48089,356077.91000 6689045.30885,356080.85290 6689045.59539,356090.73450 6689048.67521,356092.58575 6689050.01491)"
252741,"LINESTRING(356374.15076 6689376.52314,356372.66912 6689372.64756,356372.46790 6689366.78452,356374.53193 6689361.29170,356378.53698 6689356.98884,356383.07075 6689354.75839,356388.09132 6689354.13546,356393.03391 6689355.18595)"
252888,"LINESTRING(354914.62185 6689348.25442,354917.16175 6689347.99625,354919.13453 6689348.54973,354921.84860 6689351.04082)"
252889,"LINESTRING(354921.84860 6689351.04082,354927.59609 6689355.51497,354929.24715 6689357.32208,354930.90762 6689358.50557,354934.26028 6689361.68295)"
252919,"LINESTRING(354919.06196 6689359.74702,354925.15526 6689361.94252,354929.23489 6689361.82896,354934.26028 6689361.68295)"
252920,"LINESTRING(354934.26028 6689361.68295,354929.23489 6689361.82896,354925.15526 6689361.94252,354919.06196 6689359.74702)"
252921,"LINESTRING(354934.26028 6689361.68295,354958.37502 6689362.45792)"
252922,"LINESTRING(354958.37502 6689362.45792,354934.26028 6689361.68295)"
252923,"LINESTRING(354924.63208 6689334.54637,354926.83300 6689337.07827,354921.84860 6689351.04082)"
252924,"LINESTRING(354921.84860 6689351.04082,354922.49321 6689355.63209,354921.44520 6689357.82896,354919.06196 6689359.74702)"
252927,"LINESTRING(354911.98212 6689358.32067,354910.75340 6689356.34449,354910.33593 6689353.97647,354910.92838 6689351.50554,354912.43436 6689349.49358,354914.62185 6689348.25442)"
252928,"LINESTRING(354914.62185 6689348.25442,354918.50911 6689342.45529,354920.26501 6689340.96294,354921.19818 6689339.13988,354922.35511 6689336.33589,354924.63208 6689334.54637)"
252931,"LINESTRING(355307.74476 6689674.56148,355305.97253 6689673.54011,355304.58201 6689672.04052,355303.71000 6689670.19943)"
252932,"LINESTRING(355303.71000 6689670.19943,355303.44602 6689668.77938,355303.48425 6689667.34188,355303.82791 6689665.94236)"
252937,"LINESTRING(355313.69701 6689674.06181,355312.29351 6689674.69921,355310.77950 6689674.99809,355309.23806 6689674.95363,355307.74476 6689674.56148)"
252997,"LINESTRING(355305.34671 6689635.68006,355307.69287 6689635.74478,355309.89244 6689636.55231)"
253004,"LINESTRING(355309.89244 6689636.55231,355311.39846 6689637.68919,355312.56794 6689639.16818,355313.30511 6689640.90580)"
253005,"LINESTRING(355313.30511 6689640.90580,355313.57435 6689642.54807,355313.45070 6689644.21303,355312.94416 6689645.81110)"
253016,"LINESTRING(355312.94416 6689645.81110,355312.03077 6689647.32142,355310.78404 6689648.57284,355309.25992 6689649.48425,355307.56854 6689649.99364)"
253017,"LINESTRING(355307.56854 6689649.99364,355305.96743 6689650.09727,355304.38359 6689649.84387,355302.89386 6689649.25124)"
253055,"LINESTRING(355316.88856 6689669.47140,355316.28086 6689671.28672,355315.18871 6689672.85187,355313.69701 6689674.06181)"
253056,"LINESTRING(356087.48654 6689457.38341,356090.54243 6689460.42273,356094.09863 6689463.85602,356097.44053 6689466.33367,356100.32469 6689468.10338,356103.84352 6689469.83652,356110.58478 6689471.31715,356115.55867 6689471.46438,356117.46473 6689471.52141,356126.95111 6689470.51845,356139.10373 6689468.29373,356147.46006 6689465.30872)"
25333,"LINESTRING(356182.84087 6689600.03307,356204.20683 6689608.78201)"
25334,"LINESTRING(356204.20683 6689608.78201,356235.51084 6689621.60914)"
25335,"LINESTRING(356235.51084 6689621.60914,356242.16107 6689624.40805)"
25336,"LINESTRING(356242.16107 6689624.40805,356257.52847 6689631.27757)"
253486,"LINESTRING(356161.56771 6689396.24749,356148.40595 6689390.04102,356142.70948 6689387.35413,356126.22251 6689379.88182,356117.14861 6689375.94321,356103.83766 6689369.91232)"
253487,"LINESTRING(356103.83766 6689369.91232,356117.14861 6689375.94321,356126.22251 6689379.88182,356142.70948 6689387.35413,356148.40595 6689390.04102,356161.56771 6689396.24749)"
25355,"LINESTRING(355848.25310 6689619.58045,355850.39944 6689618.02135,355851.38920 6689615.86140,355851.59422 6689613.50193,355851.74504 6689611.77979)"
25356,"LINESTRING(355851.74504 6689611.77979,355851.59422 6689613.50193,355851.38920 6689615.86140,355850.39944 6689618.02135,355848.25310 6689619.58045)"
25363,"LINESTRING(356157.29959 6689589.07707,356182.84087 6689600.03307)"
25364,"LINESTRING(356257.52847 6689631.27757,356266.27405 6689635.44669)"
25365,"LINESTRING(356266.27405 6689635.44669,356322.53681 6689664.66047,356334.29739 6689670.76998,356339.32758 6689673.74020)"
254688,"LINESTRING(355529.91156 6689635.20450,355529.05203 6689638.43624,355528.34450 6689642.59382,355528.11502 6689645.57779,355527.76965 6689651.80620,355527.58307 6689654.22025,355527.87056 6689659.85580)"
254726,"LINESTRING(356082.34742 6689402.94979,356078.96714 6689412.95797,356078.09243 6689418.69389,356077.68146 6689425.50457,356078.28627 6689433.89225,356079.45962 6689440.04417,356080.63793 6689443.91493,356081.39093 6689446.71983,356082.74279 6689450.31356,356085.94391 6689456.00367,356087.48654 6689457.38341)"
256682,"LINESTRING(354788.95276 6689392.85328,354784.61845 6689392.10270)"
256683,"LINESTRING(354784.61845 6689392.10270,354788.95276 6689392.85328)"
256685,"LINESTRING(354744.95415 6689384.23951,354779.27701 6689391.10998,354784.61845 6689392.10270)"
25754,"LINESTRING(355118.01329 6688967.61231,355113.62000 6688958.63143,355111.44885 6688953.20490)"
25759,"LINESTRING(355146.44999 6688971.38720,355141.74575 6688974.34053)"
25760,"LINESTRING(355149.91923 6688960.83924,355154.22305 6688961.71425,355158.63070 6688964.38572)"
25772,"LINESTRING(354932.43366 6688808.09830,354941.34168 6688803.49979,354943.74619 6688801.81418,354946.52903 6688799.98431,354952.30905 6688797.14664,354958.76177 6688796.23943)"
25773,"LINESTRING(354958.76177 6688796.23943,354955.99561 6688800.19346,354952.04153 6688803.92690,354948.85188 6688806.98194,354946.66821 6688809.07758,354941.94772 6688815.81494)"
258695,"LINESTRING(355299.09396 6689476.67927,355272.26908 6689472.15421,355265.50121 6689471.39925)"
258696,"LINESTRING(355265.50121 6689471.39925,355272.26908 6689472.15421,355299.09396 6689476.67927)"
259193,"LINESTRING(355678.47689 6689802.01175,355681.22381 6689767.51753)"
259209,"LINESTRING(355678.87616 6689825.60979,355679.21647 6689822.57493,355679.42984 6689821.14958,355679.59561 6689817.98015,355678.47689 6689802.01175)"
259486,"LINESTRING(355371.23378 6689361.05968,355370.46724 6689363.40710,355369.19847 6689367.95316,355366.56775 6689378.97550,355364.44360 6689387.08688,355352.41075 6689441.25492,355348.83137 6689460.13162,355348.13352 6689463.79910,355347.34145 6689468.32876,355346.77480 6689474.13604,355347.47872 6689482.38446)"
259683,"LINESTRING(355373.67198 6688725.06342,355357.55095 6688728.96525)"
259684,"LINESTRING(355357.55095 6688728.96525,355373.67198 6688725.06342)"
260077,"LINESTRING(355316.38603 6689479.17388,355319.00581 6689479.51208,355322.42035 6689479.96014)"
260078,"LINESTRING(355322.42035 6689479.96014,355326.26825 6689480.56119)"
260079,"LINESTRING(355326.26825 6689480.56119,355328.11530 6689480.77714)"
263397,"LINESTRING(354616.01080 6688883.60638,354612.17849 6688893.63052,354594.46079 6688940.00716,354593.25594 6688943.29242,354592.45668 6688945.46382)"
26433,"LINESTRING(355808.72867 6689800.52602,355812.58331 6689801.90582)"
26434,"LINESTRING(355812.58331 6689801.90582,355814.06155 6689802.43248)"
264415,"LINESTRING(355119.60566 6689037.52694,355116.36436 6689034.30965,355113.34672 6689031.81377,355099.29020 6689021.44436,355091.55385 6689016.92924,355079.72198 6689010.15859)"
264818,"LINESTRING(354958.37502 6689362.45792,354966.07721 6689363.50342,355014.41117 6689371.71236,355020.16750 6689372.67016)"
264819,"LINESTRING(355020.16750 6689372.67016,355014.41117 6689371.71236,354966.07721 6689363.50342,354958.37502 6689362.45792)"
265000,"LINESTRING(355230.42533 6689115.22600,355230.43267 6689119.42019,355230.22360 6689124.46135)"
265001,"LINESTRING(355230.22360 6689124.46135,355230.43267 6689119.42019,355230.42533 6689115.22600)"
265002,"LINESTRING(355230.22360 6689124.46135,355229.45675 6689128.37761)"
265003,"LINESTRING(355229.45675 6689128.37761,355230.22360 6689124.46135)"
265004,"LINESTRING(355229.45675 6689128.37761,355227.88163 6689135.09990,355227.99366 6689137.56346,355228.82288 6689139.97446,355233.11422 6689146.14636)"
265005,"LINESTRING(355233.11422 6689146.14636,355228.82288 6689139.97446,355227.99366 6689137.56346,355227.88163 6689135.09990,355229.45675 6689128.37761)"
265237,"LINESTRING(355529.03516 6689866.58178,355532.88920 6689868.60676,355552.87915 6689878.20055)"
266867,"LINESTRING(355298.28752 6688972.08186,355302.63959 6688962.50661,355306.76926 6688954.72442)"
266868,"LINESTRING(355306.76926 6688954.72442,355327.47873 6688915.68762,355338.94459 6688894.07452)"
266869,"LINESTRING(355344.47024 6688901.53261,355330.84537 6688926.71955,355317.76521 6688952.40913,355315.51916 6688957.10065)"
268760,"LINESTRING(355905.64989 6689827.04541,355909.87662 6689828.43718)"
268761,"LINESTRING(355909.87662 6689828.43718,355910.67271 6689828.70280,355916.17783 6689829.65368,355945.02154 6689830.58257,355946.57112 6689830.63784,355951.55527 6689832.01934)"
268762,"LINESTRING(355951.55527 6689832.01934,356003.80321 6689855.23097,356013.11276 6689859.32269)"
268763,"LINESTRING(356013.11276 6689859.32269,356020.14789 6689862.48857,356070.06597 6689884.61120)"
268813,"LINESTRING(355918.91429 6689889.32171,355922.18798 6689886.80751,355948.46612 6689837.47133,355951.55527 6689832.01934)"
269676,"LINESTRING(355420.76046 6688686.29488,355448.23113 6688679.75738)"
269677,"LINESTRING(355448.23113 6688679.75738,355420.76046 6688686.29488)"
27036,"LINESTRING(355492.02215 6689915.83896,355489.72845 6689913.92418,355487.27596 6689911.88505,355483.04941 6689908.79124,355473.49533 6689904.80346,355462.84138 6689900.27840,355454.66193 6689896.46716,355446.12017 6689891.10806,355435.37645 6689882.40473,355426.03645 6689874.64397,355414.85075 6689865.37651,355392.31981 6689846.70623,355381.57566 6689837.07954,355376.34333 6689831.92990,355374.53681 6689829.92026)"
270511,"LINESTRING(354719.44234 6689612.79384,354714.64445 6689607.17454,354658.40768 6689541.91333,354654.81585 6689537.74858,354653.53220 6689536.26519,354650.52480 6689532.76757)"
27063,"LINESTRING(355454.73355 6689205.27576,355453.43152 6689213.97381,355443.94908 6689228.57389)"
27076,"LINESTRING(355336.03752 6689477.89394,355337.77030 6689472.06379,355338.83177 6689466.16117,355340.75902 6689458.31705,355345.25891 6689440.02138,355356.80519 6689386.09282,355358.28415 6689378.23011,355361.78502 6689365.86685,355363.70857 6689360.58201,355364.70627 6689358.29912,355373.72832 6689340.19844,355381.29723 6689326.07592,355390.94305 6689306.96013)"
271534,"LINESTRING(355420.68598 6689250.55661,355424.23884 6689253.26651,355426.61373 6689254.87618)"
271845,"LINESTRING(355531.85118 6689089.09298,355533.17172 6689088.46043,355534.56360 6689088.01291,355536.00477 6689087.76281,355537.46503 6689087.71188,355538.92106 6689087.85035,355540.34328 6689088.19104,355541.70837 6689088.72417,355542.98548 6689089.44041,355544.15065 6689090.31887)"
271871,"LINESTRING(355544.15065 6689090.31887,355545.08286 6689091.23304,355545.89238 6689092.25443,355546.57037 6689093.36129,355547.11619 6689094.54254,355547.50653 6689095.78840,355547.74702 6689097.06516)"
271897,"LINESTRING(354806.64698 6688866.98905,354800.55351 6688865.71713,354793.94869 6688863.86286,354781.04907 6688859.74697,354755.93048 6688849.12825)"
271898,"LINESTRING(354755.93048 6688849.12825,354731.61522 6688839.55352,354725.17587 6688837.02216,354715.67214 6688833.28847)"
271899,"LINESTRING(354715.67214 6688833.28847,354691.55648 6688823.23504,354645.38790 6688805.36785)"
271903,"LINESTRING(355533.54264 6689108.41065,355531.97840 6689107.71100,355530.54429 6689106.77018,355529.27935 6689105.60819,355528.21639 6689104.26765,355527.38689 6689102.76899,355526.80099 6689101.15613)"
271904,"LINESTRING(355526.80099 6689101.15613,355526.53462 6689099.82523,355526.43384 6689098.47365,355526.50686 6689097.11203)"
271987,"LINESTRING(355526.50686 6689097.11203,355526.92502 6689095.16304,355527.70602 6689093.32663,355528.81525 6689091.66040,355530.21123 6689090.23353,355531.85118 6689089.09298)"
272062,"LINESTRING(356338.24603 6689408.99906,356341.13985 6689402.64621,356358.22579 6689386.83086)"
272865,"LINESTRING(355541.44775 6689108.11003,355539.92500 6689108.65412,355538.33526 6689108.95730,355536.71633 6689109.01739,355535.10598 6689108.83220,355533.54264 6689108.41065)"
274822,"LINESTRING(355771.05494 6689671.92159,355753.32480 6689670.09631,355749.83420 6689670.29772,355746.44051 6689671.12774,355743.25580 6689672.55766,355741.93626 6689673.46827,355740.37571 6689674.53743)"
274823,"LINESTRING(355740.37571 6689674.53743,355741.93626 6689673.46827,355743.25580 6689672.55766,355746.44051 6689671.12774,355749.83420 6689670.29772,355753.32480 6689670.09631,355771.05494 6689671.92159)"
275177,"LINESTRING(354616.01080 6688883.60638,354621.29928 6688888.12909,354637.68087 6688902.10131,354732.86624 6688982.49904,354738.97691 6688988.13141)"
28222,"LINESTRING(355611.84274 6689056.40380,355617.16934 6689060.94740,355644.23244 6689074.96215)"
3058,"LINESTRING(355387.24092 6690022.93999,355387.80735 6690020.80440,355388.90917 6690018.88266)"
3059,"LINESTRING(355388.90917 6690018.88266,355390.60054 6690017.19389,355392.69413 6690016.03820,355395.02822 6690015.50282,355397.41586 6690015.63193,355399.67444 6690016.41383,355401.63327 6690017.78047)"
30593,"LINESTRING(355135.45528 6689027.10897,355129.30499 6689031.67019)"
30594,"LINESTRING(355129.30499 6689031.67019,355135.45528 6689027.10897)"
30595,"LINESTRING(355129.30499 6689031.67019,355126.35598 6689033.50959)"
30596,"LINESTRING(355126.35598 6689033.50959,355129.30499 6689031.67019)"
30597,"LINESTRING(355126.35598 6689033.50959,355119.60566 6689037.52694)"
30598,"LINESTRING(355119.60566 6689037.52694,355126.35598 6689033.50959)"
3061,"LINESTRING(355403.61487 6690027.54618,355402.44313 6690029.43858,355400.81899 6690030.97882,355398.85626 6690032.03793,355396.70349 6690032.56283)"
3062,"LINESTRING(355396.70349 6690032.56283,355398.85626 6690032.03793,355400.81899 6690030.97882,355402.44313 6690029.43858,355403.61487 6690027.54618,355404.22741 6690025.55256,355404.34183 6690023.46533,355403.93239 6690021.36386,355403.00935 6690019.42557,355401.63327 6690017.78047,355399.67444 6690016.41383,355397.41586 6690015.63193,355395.02822 6690015.50282,355392.69413 6690016.03820,355390.60054 6690017.19389,355388.90917 6690018.88266,355387.80735 6690020.80440,355387.24092 6690022.93999)"
30634,"LINESTRING(355363.16011 6688790.63680,355367.63339 6688744.03755,355367.91592 6688742.49694,355368.03950 6688740.69847,355368.21993 6688737.12765)"
3068,"LINESTRING(355164.52142 6689456.53996,355159.88077 6689455.99597)"
3069,"LINESTRING(355159.88077 6689455.99597,355164.52142 6689456.53996)"
30840,"LINESTRING(355717.61030 6689682.27099,355719.59147 6689682.57946,355722.90238 6689682.81119,355725.20098 6689683.89131,355727.61621 6689685.81029,355730.05690 6689688.03934,355733.57740 6689693.61072)"
30841,"LINESTRING(355733.57740 6689693.61072,355730.05690 6689688.03934,355727.61621 6689685.81029,355725.20098 6689683.89131,355722.90238 6689682.81119,355719.59147 6689682.57946,355717.61030 6689682.27099)"
3089,"LINESTRING(355328.11530 6689480.77714,355329.50516 6689480.95275)"
3090,"LINESTRING(355329.50516 6689480.95275,355331.75714 6689481.22320,355333.61124 6689481.56114)"
3091,"LINESTRING(355795.33727 6689337.54528,355795.97510 6689336.11771)"
3092,"LINESTRING(355795.97510 6689336.11771,355795.33727 6689337.54528)"
3093,"LINESTRING(355795.97510 6689336.11771,355798.14310 6689331.25285)"
3094,"LINESTRING(355798.14310 6689331.25285,355795.97510 6689336.11771)"
3112,"LINESTRING(355440.94725 6690030.04062,355433.39737 6690028.59634,355426.91800 6690027.96922,355417.50247 6690028.34618)"
3120,"LINESTRING(355139.21793 6689453.55200,355126.89049 6689452.09494,355036.59802 6689436.56437,355012.32489 6689432.12656)"
3121,"LINESTRING(355012.32489 6689432.12656,355036.59802 6689436.56437,355126.89049 6689452.09494,355139.21793 6689453.55200)"
3122,"LINESTRING(355700.23735 6689527.56150,355711.91367 6689504.21236,355724.52134 6689481.49933)"
3123,"LINESTRING(355724.52134 6689481.49933,355711.91367 6689504.21236,355700.23735 6689527.56150)"
3131,"LINESTRING(355417.50247 6690028.34618,355406.20162 6690027.84181,355403.61487 6690027.54618)"
31396,"LINESTRING(354920.86011 6689631.08125,354911.79679 6689626.94355,354901.79260 6689621.48062)"
31397,"LINESTRING(354901.79260 6689621.48062,354911.79679 6689626.94355,354920.86011 6689631.08125)"
33524,"LINESTRING(355364.55959 6689587.65389,355365.98535 6689585.30177,355368.15426 6689583.74119,355370.54819 6689583.05771,355372.91499 6689582.95437,355383.70316 6689583.75537,355415.42159 6689586.12904,355417.86473 6689586.82240,355419.93330 6689588.24948,355421.29318 6689589.35032,355422.35227 6689591.28076)"
33525,"LINESTRING(355422.35227 6689591.28076,355422.71984 6689593.70732,355422.49092 6689596.56887,355421.30993 6689610.37805,355428.96665 6689653.03909,355430.05588 6689658.77298)"
33915,"LINESTRING(356084.54126 6689474.54292,356081.89321 6689478.57862)"
33970,"LINESTRING(355650.84309 6689156.92598,355657.79050 6689158.81703,355661.78543 6689160.25541,355665.57954 6689161.76101,355680.21752 6689169.09404,355729.17856 6689196.18720)"
33971,"LINESTRING(355729.17856 6689196.18720,355680.21752 6689169.09404,355665.57954 6689161.76101,355661.78543 6689160.25541,355657.79050 6689158.81703,355650.84309 6689156.92598)"
34523,"LINESTRING(355646.70539 6689877.49041,355649.01616 6689874.18603,355652.90358 6689868.25387,355654.76142 6689865.37619,355669.25653 6689841.63053,355677.94180 6689828.99048,355678.87616 6689825.60979)"
348,"LINESTRING(354873.40255 6689664.06787,354862.26634 6689656.33396,354859.78680 6689654.61930,354851.34372 6689648.75460)"
35422,"LINESTRING(355242.92559 6689079.64503,355243.54239 6689079.95430,355244.91149 6689080.68741,355245.64252 6689080.61179,355246.27286 6689079.97455,355263.28128 6689048.01623,355280.52883 6689014.41971,355281.03263 6689013.16671,355281.65078 6689011.00588,355282.28313 6689008.56607,355282.69007 6689006.16153,355283.10171 6689002.13229)"
35423,"LINESTRING(355283.10171 6689002.13229,355282.69007 6689006.16153,355282.28313 6689008.56607,355281.65078 6689011.00588,355281.03263 6689013.16671,355280.52883 6689014.41971,355263.28128 6689048.01623,355246.27286 6689079.97455,355245.64252 6689080.61179,355244.91149 6689080.68741,355243.54239 6689079.95430,355242.92559 6689079.64503)"
35915,"LINESTRING(356173.38003 6689481.90612,356175.73824 6689485.73115,356178.00566 6689489.42789,356181.90657 6689494.76619,356188.62073 6689504.45962,356195.00599 6689510.94540)"
35916,"LINESTRING(356195.00599 6689510.94540,356188.62073 6689504.45962,356181.90657 6689494.76619,356178.00566 6689489.42789,356175.73824 6689485.73115,356173.38003 6689481.90612)"
35921,"LINESTRING(356195.00599 6689510.94540,356203.65976 6689517.99029,356212.78218 6689525.27521,356220.64438 6689530.02923,356231.26751 6689536.12622,356252.13859 6689545.49354,356266.68908 6689551.86498)"
35922,"LINESTRING(356266.68908 6689551.86498,356252.13859 6689545.49354,356231.26751 6689536.12622,356220.64438 6689530.02923,356212.78218 6689525.27521,356203.65976 6689517.99029,356195.00599 6689510.94540)"
35970,"LINESTRING(354783.33183 6689491.71351,354776.52965 6689500.06245)"
35977,"LINESTRING(354786.00432 6689479.59804,354783.33183 6689491.71351)"
36228,"LINESTRING(355135.45528 6689027.10897,355137.52990 6689024.30762,355138.79890 6689020.68498,355139.64401 6689015.10637,355139.23908 6689010.72376,355138.55992 6689006.05659,355137.35192 6689000.89705,355135.32515 6688993.11452,355134.49756 6688988.63395)"
36229,"LINESTRING(355134.49756 6688988.63395,355135.32515 6688993.11452,355137.35192 6689000.89705,355138.55992 6689006.05659,355139.23908 6689010.72376,355139.64401 6689015.10637,355138.79890 6689020.68498,355137.52990 6689024.30762,355135.45528 6689027.10897)"
36362,"LINESTRING(355391.11225 6688693.59247,355420.76046 6688686.29488)"
36363,"LINESTRING(355420.76046 6688686.29488,355391.11225 6688693.59247)"
36380,"LINESTRING(355364.19216 6688698.89680,355391.11225 6688693.59247)"
36381,"LINESTRING(355391.11225 6688693.59247,355364.19216 6688698.89680)"
36578,"LINESTRING(355092.16733 6688873.56479,355092.51605 6688875.26921,355092.15048 6688876.81464,355087.60761 6688884.92128)"
36579,"LINESTRING(355087.60761 6688884.92128,355092.15048 6688876.81464,355092.51605 6688875.26921,355092.16733 6688873.56479)"
36580,"LINESTRING(355087.60761 6688884.92128,355084.96931 6688890.16964,355082.52873 6688894.77237)"
36581,"LINESTRING(355082.52873 6688894.77237,355084.96931 6688890.16964,355087.60761 6688884.92128)"
36584,"LINESTRING(354991.23042 6688825.01493,354989.03213 6688826.98901,354987.87275 6688830.01564,354987.74338 6688831.58081,354988.14566 6688833.29325,354989.00862 6688834.71202,354990.34314 6688836.02565,354992.50247 6688837.18032,355026.71895 6688854.36146,355068.34605 6688875.27562,355078.10362 6688879.99654,355087.60761 6688884.92128)"
36585,"LINESTRING(355092.16733 6688873.56479,355090.82798 6688872.42945,355084.88674 6688869.06783,355082.61719 6688866.00577)"
36586,"LINESTRING(355082.61719 6688866.00577,355084.88674 6688869.06783,355090.82798 6688872.42945,355092.16733 6688873.56479)"
36808,"LINESTRING(355586.91101 6689603.83095,355597.06231 6689600.42998,355598.80084 6689600.47426,355652.10676 6689601.36938,355655.37468 6689602.69393,355657.05967 6689603.38665,355660.73890 6689604.87661)"
37078,"LINESTRING(355562.05708 6689072.84053,355574.40630 6689065.34063,355578.55929 6689063.34295,355583.20638 6689061.10535,355593.66497 6689058.02048,355598.56525 6689056.49149)"
37079,"LINESTRING(355598.56525 6689056.49149,355593.66497 6689058.02048,355583.20638 6689061.10535,355578.55929 6689063.34295,355574.40630 6689065.34063,355562.05708 6689072.84053)"
37085,"LINESTRING(355547.74702 6689097.06516,355551.10546 6689101.92260,355556.18119 6689106.19134,355560.62183 6689110.09621,355564.59832 6689114.62869)"
37086,"LINESTRING(355454.73355 6689205.27576,355461.12834 6689198.25296,355478.42331 6689165.60003,355480.90107 6689160.85068,355486.58069 6689149.97503,355498.04336 6689127.65033,355499.51182 6689124.98425,355502.85228 6689120.86380,355505.51987 6689117.69456,355508.83855 6689115.16643)"
37087,"LINESTRING(355508.83855 6689115.16643,355505.51987 6689117.69456,355502.85228 6689120.86380,355499.51182 6689124.98425,355498.04336 6689127.65033,355486.58069 6689149.97503,355480.90107 6689160.85068,355478.42331 6689165.60003,355461.12834 6689198.25296,355454.73355 6689205.27576)"
37097,"LINESTRING(355482.76510 6689039.12185,355494.83405 6689038.19133,355502.32508 6689036.75745,355507.96011 6689034.42937,355513.76011 6689032.06952,355518.33549 6689029.90277,355521.81739 6689028.09956,355524.97809 6689025.59169,355529.10153 6689022.29391)"
37144,"LINESTRING(356058.87184 6689007.93187,356055.20275 6689008.98896,356053.13840 6689012.50145,356048.14940 6689020.12121,356026.00296 6689056.65686,356021.77510 6689066.16873,356013.48680 6689079.94238,356010.77198 6689084.13771)"
37145,"LINESTRING(355977.38086 6689138.12246,355975.80949 6689140.71647,355958.25576 6689170.76806)"
373,"LINESTRING(354880.77500 6689606.60770,354872.82869 6689600.15791,354865.35379 6689592.94653,354861.97797 6689589.23647,354806.74362 6689522.53630,354789.66999 6689502.07257,354783.33183 6689491.71351)"
374,"LINESTRING(354783.33183 6689491.71351,354789.66999 6689502.07257,354806.74362 6689522.53630,354861.97797 6689589.23647,354865.35379 6689592.94653,354872.82869 6689600.15791,354880.77500 6689606.60770)"
380,"LINESTRING(354776.52965 6689500.06245,354776.08380 6689500.61119,354724.76602 6689602.87255,354723.72683 6689604.95769,354723.03382 6689606.34409,354719.44234 6689612.79384)"
381,"LINESTRING(354983.88649 6689669.36012,354977.97374 6689664.90661,354974.41654 6689662.25286,354924.13696 6689632.95009,354920.86011 6689631.08125)"
38591,"LINESTRING(355773.14369 6689716.66216,355781.01352 6689723.38452)"
38592,"LINESTRING(355781.01352 6689723.38452,355773.14369 6689716.66216)"
38593,"LINESTRING(355781.01352 6689723.38452,355786.14853 6689727.77240,355790.44361 6689732.18649,355810.57746 6689758.72926,355817.26476 6689767.55600,355821.82008 6689772.93420,355825.13231 6689776.73744)"
38594,"LINESTRING(355825.13231 6689776.73744,355821.82008 6689772.93420,355817.26476 6689767.55600,355810.57746 6689758.72926,355790.44361 6689732.18649,355786.14853 6689727.77240,355781.01352 6689723.38452)"
38595,"LINESTRING(355825.13231 6689776.73744,355825.91200 6689777.63820)"
38596,"LINESTRING(355825.91200 6689777.63820,355825.13231 6689776.73744)"
39423,"LINESTRING(356038.95144 6688917.37805,356046.60627 6688917.20381,356060.66489 6688920.79939)"
40593,"LINESTRING(354828.49399 6688865.22449,354832.67187 6688870.73511,354833.12702 6688872.96743)"
40594,"LINESTRING(354833.12702 6688872.96743,354833.63954 6688876.45370)"
40595,"LINESTRING(354833.63954 6688876.45370,354834.34174 6688882.43242)"
41638,"LINESTRING(354648.60915 6689333.08227,354654.69471 6689329.24747,354741.53431 6689274.44229,354748.05102 6689270.32673)"
41639,"LINESTRING(354748.05102 6689270.32673,354751.84677 6689267.92632,354756.67519 6689264.89871)"
41640,"LINESTRING(354756.67519 6689264.89871,354765.07412 6689259.63951,354772.09811 6689255.24985,354845.45169 6689208.29187)"
41641,"LINESTRING(354938.52732 6689681.87478,354946.23520 6689679.74890,354961.20343 6689675.62317,354983.88649 6689669.36012)"
41642,"LINESTRING(354983.88649 6689669.36012,354961.20343 6689675.62317,354946.23520 6689679.74890,354938.52732 6689681.87478)"
4179,"LINESTRING(355210.79145 6689940.21951,355211.78058 6689947.62812,355213.23289 6689951.11573,355215.83496 6689954.03621,355221.96126 6689959.04504)"
4180,"LINESTRING(355388.90917 6690018.88266,355381.59130 6690013.97588,355378.82243 6690012.88969,355338.73446 6689999.43963,355332.17163 6689997.23749,355325.69189 6689995.03056)"
4181,"LINESTRING(355325.69189 6689995.03056,355332.17163 6689997.23749,355338.73446 6689999.43963,355378.82243 6690012.88969,355381.59130 6690013.97588,355388.90917 6690018.88266)"
4182,"LINESTRING(355325.69189 6689995.03056,355314.02934 6689991.15373,355221.96126 6689959.04504)"
4183,"LINESTRING(355221.96126 6689959.04504,355314.02934 6689991.15373,355325.69189 6689995.03056)"
42022,"LINESTRING(355684.71635 6689706.80016,355683.33072 6689724.55978)"
42023,"LINESTRING(355683.33072 6689724.55978,355684.71635 6689706.80016)"
42030,"LINESTRING(355681.22381 6689767.51753,355682.17570 6689743.81926)"
42031,"LINESTRING(355682.17570 6689743.81926,355681.22381 6689767.51753)"
42067,"LINESTRING(355684.71635 6689706.80016,355687.82833 6689703.71660,355690.37389 6689687.40322,355691.69884 6689680.15031)"
42068,"LINESTRING(355586.85807 6689716.49871,355590.18470 6689706.10386,355588.76246 6689683.04330,355588.32253 6689674.63498,355588.11899 6689667.16987)"
42069,"LINESTRING(355787.32962 6689648.65218,355774.52687 6689645.90834,355765.70054 6689644.02547,355754.94801 6689640.68495,355730.81839 6689629.11521,355718.71701 6689624.33942,355713.46524 6689623.18494)"
42106,"LINESTRING(354983.88649 6689669.36012,354991.84629 6689667.26423,355067.04655 6689644.57971)"
42107,"LINESTRING(355067.04655 6689644.57971,354991.84629 6689667.26423,354983.88649 6689669.36012)"
42251,"LINESTRING(355271.63974 6688993.49294,355271.94336 6688992.31826,355272.41771 6688991.21161,355273.06278 6688990.17297,355273.85091 6688989.24846)"
42252,"LINESTRING(355272.23196 6688998.23190,355271.81774 6688997.09870,355271.57475 6688995.91110,355271.52003 6688994.70149,355271.63974 6688993.49294)"
42826,"LINESTRING(355529.10153 6689022.29391,355534.20052 6689016.45865,355543.91691 6689002.22354,355555.79218 6688984.80411,355569.47174 6688964.75488,355583.87901 6688943.65120,355595.99980 6688925.88390,355627.66636 6688881.72081,355631.86369 6688871.68747,355633.36120 6688869.65395,355635.92038 6688866.17950,355644.22683 6688858.24553)"
42831,"LINESTRING(355644.22683 6688858.24553,355673.95862 6688811.67987,355717.43198 6688747.82130,355737.31987 6688717.74565,355741.60906 6688710.74457)"
4357,"LINESTRING(355221.96126 6689959.04504,355217.35773 6689958.08720,355213.00284 6689956.44741,355209.08381 6689954.34851,355204.65072 6689951.35584,355202.93935 6689950.07509)"
4368,"LINESTRING(355440.94725 6690030.04062,355443.22563 6690023.42239,355446.12548 6690018.11455,355457.48225 6689995.96260,355462.09362 6689988.26390,355466.81714 6689978.70063,355470.49093 6689970.91145)"
44570,"LINESTRING(355448.23113 6688679.75738,355664.67625 6688634.14024,355684.60474 6688630.38673,355707.20906 6688627.27998,355732.65408 6688626.75759,355753.45386 6688626.80371,355771.30895 6688626.93077)"
44571,"LINESTRING(355771.30895 6688626.93077,355753.45386 6688626.80371,355732.65408 6688626.75759,355707.20906 6688627.27998,355684.60474 6688630.38673,355664.67625 6688634.14024,355448.23113 6688679.75738)"
44724,"LINESTRING(355205.62524 6689756.78905,355204.95349 6689805.23851,355204.94046 6689814.71890)"
44725,"LINESTRING(355204.94046 6689814.71890,355204.95349 6689805.23851,355205.62524 6689756.78905)"
44839,"LINESTRING(355703.58355 6689088.57130,355704.54071 6689083.08646,355711.27445 6689051.05488,355712.64219 6689046.24730)"
44840,"LINESTRING(355712.64219 6689046.24730,355711.27445 6689051.05488,355704.54071 6689083.08646,355703.58355 6689088.57130)"
45726,"LINESTRING(355299.09396 6689476.67927,355305.71404 6689477.63194,355316.38603 6689479.17388)"
4669,"LINESTRING(356140.64426 6689476.08230,356117.90562 6689476.80320,356108.59625 6689476.40519,356101.51766 6689475.12202,356098.69103 6689474.35035,356095.14907 6689473.53091,356092.75974 6689473.11232,356088.67945 6689473.08050,356084.54126 6689474.54292)"
47153,"LINESTRING(355178.78715 6689936.15010,355164.01804 6689931.90792)"
47154,"LINESTRING(355164.01804 6689931.90792,355178.78715 6689936.15010)"
47544,"LINESTRING(356046.99964 6689404.16415,356054.51334 6689397.34454,356067.97401 6689384.27409,356077.54168 6689372.97463,356085.62374 6689362.86232,356096.40785 6689342.54731,356114.06766 6689305.39147)"
48894,"LINESTRING(356136.84924 6689077.83828,356124.42748 6689071.06625,356122.23569 6689069.86855,356110.25325 6689063.61642,356102.46249 6689059.98214)"
49534,"LINESTRING(355655.79027 6689931.52931,355674.94263 6689899.17012)"
49536,"LINESTRING(355674.94263 6689899.17012,355678.31040 6689893.69076)"
49537,"LINESTRING(355678.31040 6689893.69076,355674.94263 6689899.17012)"
49931,"LINESTRING(355790.14034 6689640.34559,355787.32962 6689648.65218)"
49932,"LINESTRING(355787.32962 6689648.65218,355790.14034 6689640.34559)"
5059,"LINESTRING(355295.49250 6688983.93705,355295.28566 6688983.63746,355295.08573 6688983.32635,355294.90847 6688983.01393,355294.74568 6688982.68955,355294.59044 6688982.36473,355294.45660 6688982.01642,355294.33851 6688981.67833,355294.23489 6688981.32827,355294.14638 6688980.97734,355294.07298 6688980.62554,355294.01406 6688980.26178,355293.97781 6688979.89671,355293.95731 6688979.54185,355293.95128 6688979.17503,355293.96036 6688978.80734,355293.98520 6688978.44986,355294.02451 6688978.08042,355294.08777 6688977.73186,355294.16550 6688977.37132,355294.25143 6688977.02145,355294.36002 6688976.67026,355294.48437 6688976.32928,355294.62383 6688975.98744,355294.77969 6688975.66690,355294.94246 6688975.33483,355295.12919 6688975.02364,355295.32411 6688974.72309,355295.53414 6688974.42167,355295.75992 6688974.13047,355295.99455 6688973.86101,355296.24428 6688973.59068,355296.50285 6688973.34209,355296.77654 6688973.09263,355297.05906 6688972.86491,355297.34978 6688972.64784,355297.65626 6688972.44099,355297.96401 6688972.25631,355298.28752 6688972.08186)"
50980,"LINESTRING(355357.55095 6688728.96525,355353.81274 6688729.61509,355352.13415 6688729.95682,355314.73791 6688738.70370,355312.05315 6688739.21483)"
50981,"LINESTRING(355312.05315 6688739.21483,355314.73791 6688738.70370,355352.13415 6688729.95682,355353.81274 6688729.61509,355357.55095 6688728.96525)"
50982,"LINESTRING(355312.05315 6688739.21483,355308.43457 6688739.83554,355257.41321 6688751.19460,355249.91085 6688752.96322,355218.73718 6688758.91454,355191.83205 6688763.02829,355185.82909 6688764.10953)"
50983,"LINESTRING(355185.82909 6688764.10953,355191.83205 6688763.02829,355218.73718 6688758.91454,355249.91085 6688752.96322,355257.41321 6688751.19460,355308.43457 6688739.83554,355312.05315 6688739.21483)"
50984,"LINESTRING(355185.82909 6688764.10953,355176.33130 6688765.45949,355165.07485 6688766.42154,355151.38619 6688766.62296,355143.29541 6688766.86804,355135.18580 6688767.18097,355126.14421 6688768.15973)"
50985,"LINESTRING(355126.14421 6688768.15973,355135.18580 6688767.18097,355143.29541 6688766.86804,355151.38619 6688766.62296,355165.07485 6688766.42154,355176.33130 6688765.45949,355185.82909 6688764.10953)"
51290,"LINESTRING(355911.98083 6688665.54727,355929.86951 6688675.46391,355933.60222 6688677.08450,355957.56017 6688687.46347,355986.46019 6688699.13752)"
51291,"LINESTRING(355986.46019 6688699.13752,355957.56017 6688687.46347,355933.60222 6688677.08450,355929.86951 6688675.46391,355911.98083 6688665.54727)"
51292,"LINESTRING(355986.46019 6688699.13752,356003.95659 6688706.46234)"
51293,"LINESTRING(356003.95659 6688706.46234,355986.46019 6688699.13752)"
51294,"LINESTRING(356003.95659 6688706.46234,356021.81770 6688713.93307)"
51295,"LINESTRING(356021.81770 6688713.93307,356003.95659 6688706.46234)"
51300,"LINESTRING(355974.58903 6688676.94649,355956.97269 6688677.40588,355951.06872 6688676.65593,355946.32394 6688674.97130,355934.44606 6688669.10286,355926.92488 6688666.20982,355923.41317 6688666.71272,355918.38588 6688666.04577,355911.98083 6688665.54727)"
51896,"LINESTRING(355497.89755 6689576.63731,355496.95146 6689582.83365,355488.15707 6689603.82497,355483.24633 6689615.53525)"
51897,"LINESTRING(355483.24633 6689615.53525,355488.15707 6689603.82497,355496.95146 6689582.83365,355497.89755 6689576.63731)"
52051,"LINESTRING(355706.86825 6689102.40082,355697.98173 6689096.20450,355694.57721 6689093.83080,355687.15749 6689089.93086)"
52052,"LINESTRING(355687.15749 6689089.93086,355694.57721 6689093.83080,355697.98173 6689096.20450,355706.86825 6689102.40082)"
52660,"LINESTRING(356225.42506 6689341.97685,356227.05528 6689341.19309,356228.48605 6689339.84227,356248.71417 6689314.35491,356293.08210 6689257.44737,356294.21789 6689255.71301,356294.88150 6689254.07261)"
52661,"LINESTRING(356294.88150 6689254.07261,356294.21789 6689255.71301,356293.08210 6689257.44737,356248.71417 6689314.35491,356228.48605 6689339.84227,356227.05528 6689341.19309,356225.42506 6689341.97685)"
53410,"LINESTRING(355272.93369 6688964.05592,355293.03070 6688969.67074,355326.28075 6688981.04580,355377.76243 6689002.10483,355411.93452 6689016.58695,355448.93209 6689033.13135,355483.29425 6689049.86152,355545.95935 6689083.82798,355555.73910 6689089.47185)"
53411,"LINESTRING(355555.73910 6689089.47185,355545.95935 6689083.82798,355483.29425 6689049.86152,355448.93209 6689033.13135,355411.93452 6689016.58695,355377.76243 6689002.10483,355326.28075 6688981.04580,355293.03070 6688969.67074,355272.93369 6688964.05592)"
53412,"LINESTRING(355249.72440 6688957.06331,355272.93369 6688964.05592)"
53413,"LINESTRING(355272.93369 6688964.05592,355249.72440 6688957.06331)"
53496,"LINESTRING(355081.32010 6689855.39965,355084.14106 6689854.36870,355090.76245 6689852.07215,355161.35259 6689827.83050,355185.62386 6689819.15098,355193.44253 6689817.10801,355200.26171 6689814.82241,355204.94046 6689814.71890)"
53497,"LINESTRING(355204.94046 6689814.71890,355200.26171 6689814.82241,355193.44253 6689817.10801,355185.62386 6689819.15098,355161.35259 6689827.83050,355090.76245 6689852.07215,355084.14106 6689854.36870,355081.32010 6689855.39965)"
53595,"LINESTRING(355204.94046 6689814.71890,355204.35040 6689846.21825,355204.35718 6689877.02666)"
53596,"LINESTRING(355204.35718 6689877.02666,355204.35040 6689846.21825,355204.94046 6689814.71890)"
53597,"LINESTRING(355186.71162 6689920.72714,355189.54296 6689913.84319,355197.15696 6689898.29356,355200.92669 6689889.15236,355204.35718 6689877.02666)"
53600,"LINESTRING(354956.25073 6689957.37295,354958.45228 6689951.79370,354959.57822 6689948.98037,354960.20181 6689947.44225,354966.31878 6689924.36844,354971.76738 6689901.53357,354975.77095 6689883.98942,354977.37912 6689878.11071,354978.85458 6689872.95176,354981.04481 6689866.12703,354983.56924 6689860.36222,354986.30023 6689854.62998,354990.05418 6689848.10424,354994.47614 6689840.93905,354998.40436 6689835.46024,355002.70101 6689830.06027)"
53629,"LINESTRING(354969.68090 6688972.21593,354972.76625 6688966.44098)"
53630,"LINESTRING(354972.76625 6688966.44098,354969.68090 6688972.21593)"
53631,"LINESTRING(354972.76625 6688966.44098,354976.40947 6688958.77568)"
53632,"LINESTRING(354976.40947 6688958.77568,354972.76625 6688966.44098)"
54031,"LINESTRING(356180.22985 6689404.89631,356174.62164 6689402.29331,356161.56771 6689396.24749)"
54032,"LINESTRING(356161.56771 6689396.24749,356174.62164 6689402.29331,356180.22985 6689404.89631)"
54466,"LINESTRING(354783.33183 6689491.71351,354777.00469 6689486.91699,354775.05146 6689484.60446,354774.29809 6689483.76907,354751.73401 6689456.85833,354750.14643 6689454.96971,354747.00405 6689451.23507)"
54493,"LINESTRING(355164.01804 6689931.90792,355157.36482 6689926.44005,355154.15730 6689923.79937,355090.19352 6689863.86558,355085.72884 6689859.67317)"
5461,"LINESTRING(355630.24008 6689916.21458,355650.10101 6689883.52512)"
5462,"LINESTRING(355674.94263 6689899.17012,355650.10101 6689883.52512)"
5465,"LINESTRING(355682.27984 6689947.62440,355655.79027 6689931.52931)"
5466,"LINESTRING(355552.87915 6689878.20055,355556.65787 6689879.84047,355590.89157 6689895.08751,355625.01877 6689913.08908,355630.24008 6689916.21458)"
54831,"LINESTRING(355624.67898 6689154.40838,355623.45788 6689152.95456,355622.61677 6689151.12277,355622.29191 6689149.17218,355622.42580 6689146.89469,355623.47744 6689144.23045)"
54832,"LINESTRING(355623.47744 6689144.23045,355624.97077 6689142.51983,355626.88761 6689141.18530,355629.05456 6689140.63743,355630.68231 6689140.59911,355632.53316 6689140.74819,355634.75476 6689141.40993,355637.37912 6689142.48235,355640.30263 6689144.27184,355642.50048 6689146.49263,355644.01687 6689149.25343,355644.36348 6689151.58106,355644.33859 6689153.25144,355643.54591 6689155.41117)"
54833,"LINESTRING(355643.54591 6689155.41117,355644.33859 6689153.25144,355644.36348 6689151.58106,355644.01687 6689149.25343,355642.50048 6689146.49263,355640.30263 6689144.27184,355637.37912 6689142.48235,355634.75476 6689141.40993,355632.53316 6689140.74819,355630.68231 6689140.59911,355629.05456 6689140.63743,355626.88761 6689141.18530,355624.97077 6689142.51983,355623.47744 6689144.23045,355622.42580 6689146.89469,355622.29191 6689149.17218,355622.61677 6689151.12277,355623.45788 6689152.95456,355624.67898 6689154.40838)"
54847,"LINESTRING(355598.56525 6689056.49149,355598.38982 6689055.42237,355598.38818 6689054.34322,355598.56161 6689053.27621,355598.89692 6689052.25549,355599.39476 6689051.29215,355600.04256 6689050.43142,355600.81011 6689049.67503,355601.69868 6689049.04518,355602.66422 6689048.56665,355603.69981 6689048.25097)"
55029,"LINESTRING(354851.34372 6689648.75460,354865.75883 6689627.85985,354880.77500 6689606.60770)"
55033,"LINESTRING(355652.37877 6689706.68610,355618.92797 6689707.90486,355616.89610 6689707.24331,355612.19925 6689704.93315)"
55921,"LINESTRING(355643.54591 6689155.41117,355650.84309 6689156.92598)"
55922,"LINESTRING(355650.84309 6689156.92598,355643.54591 6689155.41117)"
55958,"LINESTRING(355299.07360 6689642.17310,355296.34606 6689641.67424,355294.42097 6689642.07476,355293.20865 6689642.47859)"
55959,"LINESTRING(355293.20865 6689642.47859,355294.42097 6689642.07476,355296.34606 6689641.67424,355299.07360 6689642.17310)"
55960,"LINESTRING(355293.20865 6689642.47859,355289.22162 6689644.32227)"
55961,"LINESTRING(355289.22162 6689644.32227,355293.20865 6689642.47859)"
55962,"LINESTRING(355289.22162 6689644.32227,355282.67964 6689648.26069,355276.80890 6689650.95868,355274.02968 6689651.66446,355271.17257 6689651.94082,355268.77454 6689651.63433,355266.30014 6689650.53116,355247.20992 6689633.96570,355241.42972 6689628.39165,355240.69923 6689627.68840,355225.71009 6689613.22254,355224.01962 6689611.51777)"
55963,"LINESTRING(355224.01962 6689611.51777,355225.71009 6689613.22254,355240.69923 6689627.68840,355241.42972 6689628.39165,355247.20992 6689633.96570,355266.30014 6689650.53116,355268.77454 6689651.63433,355271.17257 6689651.94082,355274.02968 6689651.66446,355276.80890 6689650.95868,355282.67964 6689648.26069,355289.22162 6689644.32227)"
55967,"LINESTRING(355316.88856 6689669.47140,355319.89412 6689670.32137,355327.23670 6689669.87491,355334.03132 6689669.25984,355363.88234 6689665.82190,355368.54070 6689665.36366)"
55968,"LINESTRING(355368.54070 6689665.36366,355363.88234 6689665.82190,355334.03132 6689669.25984,355327.23670 6689669.87491,355319.89412 6689670.32137,355316.88856 6689669.47140)"
55969,"LINESTRING(355368.54070 6689665.36366,355373.53085 6689664.87512,355390.85081 6689663.00680,355423.82483 6689659.43328,355430.05588 6689658.77298)"
55970,"LINESTRING(355430.05588 6689658.77298,355423.82483 6689659.43328,355390.85081 6689663.00680,355373.53085 6689664.87512,355368.54070 6689665.36366)"
56019,"LINESTRING(354880.77500 6689606.60770,354888.90933 6689612.24552,354891.34981 6689613.94019)"
56020,"LINESTRING(354891.34981 6689613.94019,354901.79260 6689621.48062)"
56035,"LINESTRING(355305.34671 6689635.68006,355307.77595 6689631.27833,355309.51261 6689625.64822,355319.36547 6689568.53509,355323.83996 6689542.58596,355327.13449 6689527.44187,355329.05103 6689518.36335,355330.63749 6689511.05073,355333.66368 6689497.03479,355333.61685 6689485.33263)"
56039,"LINESTRING(354901.79260 6689621.48062,354887.82390 6689642.49410,354873.40255 6689664.06787)"
56050,"LINESTRING(355346.22321 6689487.55284,355345.89789 6689495.43792,355345.38108 6689496.85857,355341.72810 6689505.53671,355338.74691 6689512.85201,355336.76985 6689519.96467,355334.46644 6689529.43270,355331.77620 6689544.40835,355327.31562 6689569.81149,355324.38717 6689586.43648,355320.87833 6689605.74306,355317.21542 6689627.10579,355315.61391 6689634.41929,355314.55949 6689638.47455,355313.30511 6689640.90580)"
56051,"LINESTRING(355313.69701 6689674.06181,355312.23864 6689676.50484,355311.48021 6689678.07297,355310.91990 6689680.05244,355310.35527 6689682.74426,355310.13118 6689686.60691,355310.09208 6689699.18189,355309.97463 6689708.95758,355310.24111 6689712.25782,355310.81482 6689719.30101,355312.64366 6689731.01149,355315.68353 6689742.95241,355318.71704 6689752.94660,355322.97007 6689764.10534,355327.40034 6689772.42777,355332.35176 6689779.93013,355336.06455 6689785.41230,355341.30099 6689792.73130,355344.38422 6689797.68240,355347.52272 6689801.22840,355351.47311 6689805.70661)"
56052,"LINESTRING(355313.87383 6689662.55812,355315.10706 6689663.56612,355316.07548 6689664.84532,355316.71352 6689666.31051,355316.98583 6689667.87472,355316.88856 6689669.47140)"
56059,"LINESTRING(355302.89386 6689649.25124,355301.70429 6689648.47437,355300.69836 6689647.46436,355299.90256 6689646.28645,355299.35723 6689644.98280,355299.08006 6689643.59690,355299.07360 6689642.17310)"
56060,"LINESTRING(355299.07360 6689642.17310,355299.51815 6689640.28932,355300.45023 6689638.57765,355301.79505 6689637.18705,355303.47335 6689636.18885,355305.34671 6689635.68006)"
56061,"LINESTRING(355312.94416 6689645.81110,355312.35513 6689650.57382,355312.26936 6689654.86240,355312.69592 6689658.30916,355313.87383 6689662.55812)"
56062,"LINESTRING(355303.82791 6689665.94236,355303.92278 6689658.79379,355302.89951 6689653.02273,355302.89386 6689649.25124)"
56078,"LINESTRING(355371.22742 6689701.11303,355375.14762 6689700.47491,355425.92732 6689690.45435,355427.94371 6689690.05973,355434.83369 6689688.47128)"
56123,"LINESTRING(355683.33072 6689724.55978,355690.28651 6689723.98031,355695.89748 6689722.16557,355715.72338 6689711.57520)"
56124,"LINESTRING(355715.72338 6689711.57520,355695.89748 6689722.16557,355690.28651 6689723.98031,355683.33072 6689724.55978)"
58278,"LINESTRING(355845.42973 6689806.90917,355844.40408 6689797.93382,355840.97763 6689794.51545)"
58279,"LINESTRING(355840.97763 6689794.51545,355835.68948 6689789.17950)"
58280,"LINESTRING(355835.68948 6689789.17950,355830.75270 6689783.89005)"
60063,"LINESTRING(356339.32758 6689673.74020,356363.47261 6689624.54013,356364.88415 6689622.06670,356366.08128 6689619.95052,356368.21525 6689616.20047)"
60282,"LINESTRING(355044.34071 6689996.16095,355053.55173 6689990.41008,355057.43648 6689987.98244,355068.10055 6689980.87917,355070.59081 6689979.76720,355075.88223 6689977.41400)"
60627,"LINESTRING(356363.85009 6689601.87658,356348.25351 6689598.00181,356336.94803 6689594.92576,356315.12162 6689588.04982,356300.93918 6689582.66955,356292.41939 6689578.99918,356284.43036 6689574.54166,356270.01517 6689567.22778,356227.01527 6689544.94954,356188.21089 6689525.36713,356180.97806 6689521.80076,356173.42819 6689517.86326,356166.57523 6689513.78546,356163.94055 6689509.89849,356161.25031 6689505.83669,356160.06687 6689502.53366,356159.22757 6689498.88812,356158.67922 6689495.29258,356158.79163 6689491.98162,356159.96155 6689485.31635)"
60628,"LINESTRING(356159.96155 6689485.31635,356158.79163 6689491.98162,356158.67922 6689495.29258,356159.22757 6689498.88812,356160.06687 6689502.53366,356161.25031 6689505.83669,356163.94055 6689509.89849,356166.57523 6689513.78546,356173.42819 6689517.86326,356180.97806 6689521.80076,356188.21089 6689525.36713,356227.01527 6689544.94954,356270.01517 6689567.22778,356284.43036 6689574.54166,356292.41939 6689578.99918,356300.93918 6689582.66955,356315.12162 6689588.04982,356336.94803 6689594.92576,356348.25351 6689598.00181,356363.85009 6689601.87658)"
60739,"LINESTRING(355605.70919 6689799.59190,355604.94451 6689805.91127,355604.66712 6689808.19705)"
60740,"LINESTRING(355604.66712 6689808.19705,355604.94451 6689805.91127,355605.70919 6689799.59190)"
60741,"LINESTRING(355681.22381 6689767.51753,355647.70904 6689770.64244,355608.98716 6689773.77884)"
60872,"LINESTRING(355650.10101 6689883.52512,355646.70539 6689877.49041)"
60873,"LINESTRING(355646.70539 6689877.49041,355641.21524 6689867.73802,355607.31499 6689813.09552,355604.66712 6689808.19705)"
62939,"LINESTRING(354895.23032 6689720.86250,354898.79558 6689724.57274,354900.73837 6689727.23082,354921.09492 6689757.41851,354931.67495 6689772.31668,354950.27886 6689798.28881,354976.43057 6689834.83955,354977.90232 6689836.30100,354979.65319 6689837.34575,354981.34754 6689837.93760,354983.20512 6689838.07495)"
62940,"LINESTRING(354983.20512 6689838.07495,354993.24235 6689832.84366,354998.08127 6689831.18416,355002.70101 6689830.06027)"
63847,"LINESTRING(355315.51916 6688957.10065,355312.00093 6688966.14929,355310.00391 6688978.16977)"
64554,"LINESTRING(355298.28752 6688972.08186,355298.59720 6688971.93045,355298.90751 6688971.79013,355299.23358 6688971.66003,355299.55338 6688971.55255,355299.88893 6688971.45528,355300.21756 6688971.36954,355300.55503 6688971.30554,355300.90070 6688971.25219,355301.23945 6688971.21036,355301.57885 6688971.17963,355301.92708 6688971.17064,355302.26839 6688971.17317,355302.61099 6688971.19789,355302.95358 6688971.22260,355303.29746 6688971.26949,355303.63506 6688971.33900,355303.97267 6688971.40851,355304.30399 6688971.50063,355304.62840 6688971.60427,355304.95410 6688971.73010,355305.27223 6688971.85636,355305.58410 6688972.00524,355305.88904 6688972.16565,355306.18707 6688972.33757,355306.47819 6688972.52103,355306.76238 6688972.71601,355307.03211 6688972.92295,355307.29492 6688973.14142,355307.55082 6688973.37142,355307.79980 6688973.61294,355308.03430 6688973.86642,355308.25370 6688974.12078,355308.46682 6688974.39775,355308.66483 6688974.67559,355308.85592 6688974.96496,355309.03190 6688975.25521,355309.19340 6688975.55741,355309.34044 6688975.87158,355309.47992 6688976.18619,355309.59673 6688976.50210,355309.70662 6688976.82954,355309.80140 6688977.15785,355309.88171 6688977.49813,355309.94627 6688977.82819,355310.00391 6688978.16977)"
6468,"LINESTRING(355333.61124 6689481.56114,355333.99053 6689480.51561,355334.53297 6689479.53854,355335.22474 6689478.65298,355336.03752 6689477.89394)"
64781,"LINESTRING(355674.94263 6689899.17012,355701.16746 6689915.53648)"
6479,"LINESTRING(355333.61685 6689485.33263,355333.38515 6689484.07762,355333.38768 6689482.80908,355333.61124 6689481.56114)"
6482,"LINESTRING(355277.66902 6689002.71319,355276.51060 6689002.34620,355275.42504 6689001.79697,355274.43694 6689001.09747,355273.56205 6689000.25792,355272.82433 6688999.29917,355272.23196 6688998.23190)"
6499,"LINESTRING(355347.47872 6689482.38446,355347.51514 6689484.19595,355347.08618 6689485.95643,355346.22321 6689487.55284)"
65058,"LINESTRING(354645.38790 6688805.36785,354643.03422 6688813.17013,354632.58929 6688840.33327)"
65059,"LINESTRING(354632.58929 6688840.33327,354620.12762 6688872.86481,354617.27548 6688880.30653,354616.01080 6688883.60638)"
6508,"LINESTRING(355336.03752 6689477.89394,355337.92423 6689476.82808,355340.05082 6689476.37144,355342.20829 6689476.58059)"
6541,"LINESTRING(355286.44434 6688990.70163,355287.12265 6688992.07548,355287.51895 6688993.55463,355287.63003 6688995.08364,355287.45269 6688996.60706,355286.98373 6688998.06944,355286.24325 6688999.42513,355285.25764 6689000.60582,355284.07031 6689001.57565,355283.10171 6689002.13229)"
6542,"LINESTRING(355283.10171 6689002.13229,355282.07189 6689002.54783,355280.98841 6689002.82183,355279.88084 6689002.94145,355278.76431 6689002.90582,355277.66902 6689002.71319)"
6543,"LINESTRING(355308.34858 6688984.16233,355308.06555 6688984.51247,355307.75101 6688984.84217,355307.42763 6688985.15014,355307.08850 6688985.44789,355306.73234 6688985.71324,355306.35287 6688985.96881,355305.97211 6688986.20221,355305.56741 6688986.41474,355305.16142 6688986.60508,355304.73840 6688986.76304,355304.31474 6688986.90990,355303.87404 6688987.02437,355303.43207 6688987.11666,355302.98881 6688987.18677,355302.53607 6688987.22406,355302.08961 6688987.23872,355301.63431 6688987.23165,355301.18529 6688987.20196,355300.74190 6688987.13856,355300.29787 6688987.06408,355299.85948 6688986.95589,355299.42735 6688986.82508,355299.00842 6688986.66014,355298.58885 6688986.48411,355298.19067 6688986.28458,355297.79876 6688986.06245,355297.42069 6688985.81726,355297.05644 6688985.54902,355296.70603 6688985.25773,355296.37764 6688984.95404,355296.06372 6688984.63838,355295.77056 6688984.28815,355295.49250 6688983.93705)"
6546,"LINESTRING(355310.00391 6688978.16977,355310.04209 6688978.56811,355310.06515 6688978.96733,355310.06554 6688979.36785,355310.05018 6688979.75816,355310.01279 6688980.16086,355309.95210 6688980.55379,355309.87629 6688980.94759,355309.77717 6688981.33161,355309.66294 6688981.71650,355309.53295 6688982.09118,355309.37966 6688982.45607,355309.20369 6688982.82228,355309.01889 6688983.16674,355308.81142 6688983.51252,355308.58820 6688983.84807,355308.34858 6688984.16233)"
6606,"LINESTRING(355346.22321 6689487.55284,355344.84313 6689488.98997,355343.11944 6689489.99078,355341.18367 6689490.46977)"
66290,"LINESTRING(355627.37554 6689672.75888,355637.21229 6689673.10344,355638.92454 6689673.34952,355685.23657 6689679.29937,355691.69884 6689680.15031)"
66291,"LINESTRING(355691.69884 6689680.15031,355685.23657 6689679.29937,355638.92454 6689673.34952,355637.21229 6689673.10344,355627.37554 6689672.75888)"
66347,"LINESTRING(355265.50121 6689471.39925,355258.63231 6689470.99506,355251.92058 6689471.60541,355246.06467 6689471.67676,355241.07240 6689471.47569,355236.51041 6689470.84920,355232.88453 6689470.02399,355224.18578 6689467.73397,355218.46591 6689465.96164,355207.33216 6689463.64547)"
66348,"LINESTRING(355207.33216 6689463.64547,355218.46591 6689465.96164,355224.18578 6689467.73397,355232.88453 6689470.02399,355236.51041 6689470.84920,355241.07240 6689471.47569,355246.06467 6689471.67676,355251.92058 6689471.60541,355258.63231 6689470.99506,355265.50121 6689471.39925)"
66496,"LINESTRING(355119.60566 6689037.52694,355124.30295 6689042.06200,355128.90952 6689045.94584,355170.50640 6689085.38766,355182.24102 6689096.51448)"
66497,"LINESTRING(355182.24102 6689096.51448,355170.50640 6689085.38766,355128.90952 6689045.94584,355124.30295 6689042.06200,355119.60566 6689037.52694)"
6654,"LINESTRING(355341.18367 6689490.46977,355339.20076 6689490.39518,355337.31554 6689489.78088,355335.67414 6689488.66293,355334.41140 6689487.14482,355333.61685 6689485.33263)"
66560,"LINESTRING(355830.75270 6689783.89005,355825.91200 6689777.63820)"
66561,"LINESTRING(355809.75823 6689826.78024,355803.73955 6689824.02325)"
67420,"LINESTRING(355334.93067 6689708.18333,355357.15117 6689703.88441,355367.72532 6689701.77152,355371.22742 6689701.11303)"
67421,"LINESTRING(355371.22742 6689701.11303,355367.72532 6689701.77152,355357.15117 6689703.88441,355334.93067 6689708.18333)"
69463,"LINESTRING(355821.95541 6688896.11194,355833.35894 6688900.72799)"
69464,"LINESTRING(355833.35894 6688900.72799,355821.95541 6688896.11194)"
70315,"LINESTRING(355951.33164 6688897.25110,355952.42218 6688892.75999,355954.16043 6688887.93112,355956.56650 6688882.71883,355994.70036 6688803.92739,355997.51448 6688792.77246)"
70316,"LINESTRING(355997.51448 6688792.77246,355994.70036 6688803.92739,355956.56650 6688882.71883,355954.16043 6688887.93112,355952.42218 6688892.75999,355951.33164 6688897.25110)"
70317,"LINESTRING(356206.32394 6688894.94793,356213.48765 6688898.61848,356224.70859 6688905.20399,356236.12508 6688910.71013,356255.79238 6688920.20256,356261.89578 6688923.36681)"
70318,"LINESTRING(356261.89578 6688923.36681,356255.79238 6688920.20256,356236.12508 6688910.71013,356224.70859 6688905.20399,356213.48765 6688898.61848,356206.32394 6688894.94793)"
70319,"LINESTRING(356178.84422 6688888.68738,356175.37602 6688893.62699,356173.56396 6688896.25705,356161.19838 6688921.51398,356148.53129 6688946.79945)"
70320,"LINESTRING(356148.53129 6688946.79945,356161.19838 6688921.51398,356173.56396 6688896.25705,356175.37602 6688893.62699,356178.84422 6688888.68738)"
70321,"LINESTRING(356148.53129 6688946.79945,356135.32783 6688974.35223,356131.52962 6688982.11468)"
70322,"LINESTRING(356131.52962 6688982.11468,356135.32783 6688974.35223,356148.53129 6688946.79945)"
70323,"LINESTRING(356131.52962 6688982.11468,356104.18094 6689038.49854,356102.01914 6689042.95123,356099.55677 6689048.63400)"
70324,"LINESTRING(356099.55677 6689048.63400,356102.01914 6689042.95123,356104.18094 6689038.49854,356131.52962 6688982.11468)"
70329,"LINESTRING(356199.81474 6688893.82095,356183.98888 6688889.15864)"
70582,"LINESTRING(356201.41070 6688886.51923,356202.55330 6688886.08623,356203.77360 6688885.94916,356204.98157 6688886.12434)"
70583,"LINESTRING(356204.98157 6688886.12434,356206.13123 6688886.60328,356207.12243 6688887.35838,356207.89215 6688888.34876,356208.38240 6688889.48876,356208.57486 6688890.72381,356208.44176 6688891.96648,356208.00066 6688893.12677,356207.27858 6688894.14748,356206.32394 6688894.94793)"
70584,"LINESTRING(356206.32394 6688894.94793,356205.23935 6688895.46660,356204.05566 6688895.71282,356202.85408 6688895.64854,356201.69698 6688895.30354,356200.66748 6688894.67304,356199.81474 6688893.82095)"
70586,"LINESTRING(356090.21574 6689055.45871,356090.79442 6689052.47691,356092.58575 6689050.01491)"
70587,"LINESTRING(356092.58575 6689050.01491,356094.69482 6689048.72509,356097.12385 6689048.25130,356099.55677 6689048.63400)"
70588,"LINESTRING(356099.55677 6689048.63400,356101.58349 6689049.72994,356103.14474 6689051.43127,356104.06970 6689053.53645,356104.26937 6689055.81693,356103.70831 6689058.05226,356102.46249 6689059.98214)"
70589,"LINESTRING(356102.46249 6689059.98214,356103.70831 6689058.05226,356104.26937 6689055.81693,356104.06970 6689053.53645,356103.14474 6689051.43127,356101.58349 6689049.72994,356099.55677 6689048.63400,356097.12385 6689048.25130,356094.69482 6689048.72509,356092.58575 6689050.01491,356090.79442 6689052.47691,356090.21574 6689055.45871)"
70590,"LINESTRING(356090.21574 6689055.45871,356084.20569 6689053.91368,356079.77963 6689053.41222,356076.68607 6689053.66842,356069.36683 6689055.05830)"
70618,"LINESTRING(356011.84152 6688799.83496,356022.63617 6688800.85933,356094.85013 6688834.64818,356139.42386 6688855.98943,356141.52928 6688857.00297,356168.72392 6688870.02226,356172.42411 6688872.13441,356175.19113 6688874.36709,356177.48085 6688877.39499,356179.01962 6688880.81106)"
70619,"LINESTRING(356179.01962 6688880.81106,356177.48085 6688877.39499,356175.19113 6688874.36709,356172.42411 6688872.13441,356168.72392 6688870.02226,356141.52928 6688857.00297,356139.42386 6688855.98943,356094.85013 6688834.64818,356022.63617 6688800.85933,356011.84152 6688799.83496)"
70866,"LINESTRING(355687.15749 6689089.93086,355672.68435 6689084.66890)"
70867,"LINESTRING(355672.68435 6689084.66890,355687.15749 6689089.93086)"
70868,"LINESTRING(355672.68435 6689084.66890,355644.23244 6689074.96215)"
70869,"LINESTRING(355644.23244 6689074.96215,355672.68435 6689084.66890)"
71675,"LINESTRING(355678.31040 6689893.69076,355707.91430 6689844.48413,355711.01987 6689839.32033,355725.37850 6689815.43806,355750.30522 6689773.96733)"
71676,"LINESTRING(355750.30522 6689773.96733,355725.37850 6689815.43806,355711.01987 6689839.32033,355707.91430 6689844.48413,355678.31040 6689893.69076)"
72353,"LINESTRING(356070.06597 6689884.61120,356072.48709 6689879.79860,356107.45435 6689810.35786,356111.63046 6689802.06174)"
73995,"LINESTRING(355937.15476 6689203.98385,355943.00577 6689207.37373,355946.72276 6689209.38463,355970.21474 6689222.10468,356003.00483 6689240.01872,356018.70948 6689248.77082,356025.07867 6689252.20879,356034.11521 6689257.07290,356058.37851 6689270.16048,356062.01039 6689272.14298,356092.37874 6689288.56153,356094.83277 6689289.44369,356097.47053 6689289.43628,356100.09028 6689288.98487,356102.03198 6689287.94948)"
73996,"LINESTRING(356102.03198 6689287.94948,356100.09028 6689288.98487,356097.47053 6689289.43628,356094.83277 6689289.44369,356092.37874 6689288.56153,356062.01039 6689272.14298,356058.37851 6689270.16048,356034.11521 6689257.07290,356025.07867 6689252.20879,356018.70948 6689248.77082,356003.00483 6689240.01872,355970.21474 6689222.10468,355946.72276 6689209.38463,355943.00577 6689207.37373,355937.15476 6689203.98385)"
74041,"LINESTRING(355733.57740 6689693.61072,355734.05359 6689695.16317,355734.83763 6689696.66448)"
74042,"LINESTRING(355734.83763 6689696.66448,355734.05359 6689695.16317,355733.57740 6689693.61072)"
74043,"LINESTRING(355734.83763 6689696.66448,355736.44861 6689699.75363,355738.59386 6689702.51154,355741.19897 6689704.83125,355744.17636 6689706.63991,355747.44035 6689707.89798,355753.65530 6689708.93015,355759.35199 6689709.91434,355762.83856 6689710.82578,355766.95195 6689712.09049,355770.32464 6689713.78735,355773.14369 6689716.66216)"
74044,"LINESTRING(355773.14369 6689716.66216,355770.32464 6689713.78735,355766.95195 6689712.09049,355762.83856 6689710.82578,355759.35199 6689709.91434,355753.65530 6689708.93015,355747.44035 6689707.89798,355744.17636 6689706.63991,355741.19897 6689704.83125,355738.59386 6689702.51154,355736.44861 6689699.75363,355734.83763 6689696.66448)"
74120,"LINESTRING(356266.94615 6688925.62376,356261.89578 6688923.36681)"
77022,"LINESTRING(355027.13847 6689807.08426,355036.01724 6689797.02445,355049.59749 6689783.84446)"
77023,"LINESTRING(355049.59749 6689783.84446,355095.13744 6689732.37798,355135.84684 6689685.19662,355137.35999 6689683.44020,355138.64304 6689682.03087,355143.35319 6689676.82964)"
77506,"LINESTRING(355459.37392 6689760.56543,355442.09834 6689765.69101,355383.63164 6689783.04269,355378.31976 6689782.81547)"
79715,"LINESTRING(356181.58682 6689934.07001,356175.60581 6689938.93196,356170.31250 6689943.23135,356051.13308 6690040.19063,356047.19466 6690043.53305)"
81072,"LINESTRING(355390.72302 6688720.98554,355373.67198 6688725.06342)"
81073,"LINESTRING(355373.67198 6688725.06342,355390.72302 6688720.98554)"
81074,"LINESTRING(355828.34688 6688643.08920,355829.38483 6688643.20735,355832.75751 6688643.58026,355859.61527 6688648.36201,355870.63720 6688652.53286)"
81321,"LINESTRING(355081.32010 6689855.39965,355078.69618 6689852.75864,355072.35329 6689846.76110,355053.42125 6689829.13011)"
81322,"LINESTRING(355053.42125 6689829.13011,355072.35329 6689846.76110,355078.69618 6689852.75864,355081.32010 6689855.39965)"
81323,"LINESTRING(355038.17882 6689815.13554,355041.76605 6689815.29528,355044.52677 6689818.07300,355051.19537 6689824.19632,355053.42125 6689829.13011)"
81324,"LINESTRING(355038.17882 6689815.13554,355033.72324 6689811.88837)"
81325,"LINESTRING(355033.72324 6689811.88837,355038.17882 6689815.13554)"
81326,"LINESTRING(355033.72324 6689811.88837,355030.62871 6689809.63064)"
81327,"LINESTRING(355030.62871 6689809.63064,355033.72324 6689811.88837)"
81328,"LINESTRING(355030.62871 6689809.63064,355027.13847 6689807.08426)"
81329,"LINESTRING(355027.13847 6689807.08426,355030.62871 6689809.63064)"
81330,"LINESTRING(355205.62524 6689756.78905,355204.19631 6689750.95243,355202.91361 6689747.12123,355200.93127 6689737.61153,355199.70853 6689732.06340,355197.19234 6689720.79322,355196.03950 6689712.78214)"
81331,"LINESTRING(355053.42125 6689829.13011,355047.93383 6689825.99823,355044.85749 6689823.66156,355042.01459 6689821.16674,355038.77133 6689818.17215,355038.17882 6689815.13554)"
81332,"LINESTRING(355470.49093 6689970.91145,355472.31881 6689967.12308)"
81333,"LINESTRING(355472.31881 6689967.12308,355474.63430 6689962.32743)"
81334,"LINESTRING(355474.63430 6689962.32743,355476.13604 6689959.19210)"
81335,"LINESTRING(355476.13604 6689959.19210,355478.40275 6689954.73306)"
81338,"LINESTRING(355125.04306 6689596.65476,355125.68252 6689597.61917,355126.03268 6689598.29988,355126.25838 6689599.18807,355126.26342 6689599.79972,355126.25270 6689600.40117,355126.07013 6689601.04592,355125.80317 6689601.67330,355123.64819 6689605.70321,355122.21978 6689609.05692,355120.13037 6689615.00790,355119.37861 6689619.96920)"
81339,"LINESTRING(355119.37861 6689619.96920,355120.13037 6689615.00790,355122.21978 6689609.05692,355123.64819 6689605.70321,355125.80317 6689601.67330,355126.07013 6689601.04592,355126.25270 6689600.40117,355126.26342 6689599.79972,355126.25838 6689599.18807,355126.03268 6689598.29988,355125.68252 6689597.61917,355125.04306 6689596.65476)"
81342,"LINESTRING(355103.44067 6689612.04512,355106.19362 6689610.88461,355108.53330 6689609.52545,355113.20814 6689606.07308,355116.03670 6689603.72880,355119.48961 6689600.51396,355124.32126 6689595.83976)"
81343,"LINESTRING(355124.32126 6689595.83976,355119.48961 6689600.51396,355116.03670 6689603.72880,355113.20814 6689606.07308,355108.53330 6689609.52545,355106.19362 6689610.88461,355103.44067 6689612.04512)"
81424,"LINESTRING(355124.32126 6689595.83976,355119.32374 6689590.43197,355098.48475 6689568.14898,355080.14738 6689547.17898,355021.09320 6689463.01805,355010.75308 6689443.48842)"
81600,"LINESTRING(355187.41038 6689700.01829,355181.89053 6689699.08005,355177.05565 6689698.05772,355170.70526 6689695.86571,355162.53674 6689692.12098,355158.85060 6689690.11991,355155.11409 6689687.50980)"
81601,"LINESTRING(355155.11409 6689687.50980,355158.85060 6689690.11991,355162.53674 6689692.12098,355170.70526 6689695.86571,355177.05565 6689698.05772,355181.89053 6689699.08005,355187.41038 6689700.01829)"
81602,"LINESTRING(355155.11409 6689687.50980,355149.61539 6689683.26585)"
81603,"LINESTRING(355149.61539 6689683.26585,355155.11409 6689687.50980)"
81604,"LINESTRING(355149.61539 6689683.26585,355147.05921 6689681.01032)"
81605,"LINESTRING(355147.05921 6689681.01032,355149.61539 6689683.26585)"
81606,"LINESTRING(355147.05921 6689681.01032,355143.35319 6689676.82964)"
81607,"LINESTRING(355143.35319 6689676.82964,355147.05921 6689681.01032)"
81615,"LINESTRING(355187.41038 6689700.01829,355198.61477 6689699.76014,355202.99665 6689699.89631)"
81616,"LINESTRING(355123.81448 6689645.03629,355119.46045 6689637.12126,355116.62290 6689634.98214,355112.81330 6689633.60018)"
81617,"LINESTRING(355119.52188 6689625.20141,355120.89614 6689629.82841,355123.81448 6689645.03629)"
81619,"LINESTRING(355196.45461 6689707.37301,355194.78482 6689704.32076,355192.33664 6689702.35938,355187.41038 6689700.01829)"
82872,"LINESTRING(355342.20829 6689476.58059,355343.75850 6689477.16974,355345.13148 6689478.10292,355346.24092 6689479.32948,355347.03763 6689480.78551,355347.47872 6689482.38446)"
83787,"LINESTRING(355789.21639 6689351.02738,355794.59505 6689339.13465)"
83788,"LINESTRING(355794.59505 6689339.13465,355789.21639 6689351.02738)"
83789,"LINESTRING(355794.59505 6689339.13465,355795.33727 6689337.54528)"
83790,"LINESTRING(355795.33727 6689337.54528,355794.59505 6689339.13465)"
84165,"LINESTRING(356358.22579 6689386.83086,356366.32666 6689381.51326,356370.71578 6689378.74595,356372.38868 6689377.78175,356374.15076 6689376.52314)"
85591,"LINESTRING(354946.36050 6688825.65132,354947.43898 6688826.60145,354948.54883 6688827.43849)"
85592,"LINESTRING(354941.95561 6688832.47057,354930.95244 6688827.97767)"
86885,"LINESTRING(354819.80121 6689398.24494,354821.64717 6689398.57207,354836.63153 6689401.26559,354840.00290 6689401.88277)"
86886,"LINESTRING(354840.00290 6689401.88277,354848.29370 6689403.40587,354945.10666 6689420.37013,354949.22680 6689421.08871)"
86887,"LINESTRING(354949.22680 6689421.08871,354952.32791 6689421.62145,354973.35491 6689425.24537)"
86973,"LINESTRING(356154.13805 6689456.08963,356147.57451 6689448.87983,356140.14891 6689440.91864,356136.61762 6689437.12786,356130.40048 6689430.79933)"
86974,"LINESTRING(356130.40048 6689430.79933,356136.61762 6689437.12786,356140.14891 6689440.91864,356147.57451 6689448.87983,356154.13805 6689456.08963)"
87018,"LINESTRING(354798.80511 6689416.51642,354797.59104 6689422.91756,354786.27502 6689478.38073,354786.00432 6689479.59804)"
87053,"LINESTRING(355996.27752 6689359.22349,355998.64951 6689357.76271,356001.34019 6689357.09576,356004.10841 6689357.24769,356006.70418 6689358.22177,356008.89508 6689359.93128)"
87412,"LINESTRING(355472.31881 6689967.12308,355465.65464 6689960.40937,355452.93967 6689949.72812)"
87776,"LINESTRING(355125.04306 6689596.65476,355133.14782 6689588.40896,355135.98967 6689585.50761)"
87777,"LINESTRING(355135.98967 6689585.50761,355133.14782 6689588.40896,355125.04306 6689596.65476)"
88007,"LINESTRING(355851.50779 6689270.30687,355862.16383 6689273.54190,355875.63768 6689278.83966,355889.27149 6689285.59690,355920.60232 6689303.97294,355952.78161 6689324.31405,355978.69077 6689341.62337,355988.61488 6689350.57519,355996.27752 6689359.22349)"
88008,"LINESTRING(355996.27752 6689359.22349,355988.61488 6689350.57519,355978.69077 6689341.62337,355952.78161 6689324.31405,355920.60232 6689303.97294,355889.27149 6689285.59690,355875.63768 6689278.83966,355862.16383 6689273.54190,355851.50779 6689270.30687)"
88543,"LINESTRING(356185.55320 6688881.70297,356201.41070 6688886.51923)"
88987,"LINESTRING(355786.24954 6690071.23450,355778.72241 6690075.83005)"
90922,"LINESTRING(355727.58254 6688645.43071,355719.28212 6688647.30040,355674.08111 6688658.24211,355649.24171 6688663.87012,355635.05938 6688667.08073,355617.38202 6688671.08279,355558.84457 6688683.59621,355543.60375 6688686.85702,355528.28225 6688690.68997,355493.81191 6688699.30017,355458.74022 6688706.55451)"
90923,"LINESTRING(355458.74022 6688706.55451,355493.81191 6688699.30017,355528.28225 6688690.68997,355543.60375 6688686.85702,355558.84457 6688683.59621,355617.38202 6688671.08279,355635.05938 6688667.08073,355649.24171 6688663.87012,355674.08111 6688658.24211,355719.28212 6688647.30040,355727.58254 6688645.43071)"
90966,"LINESTRING(355394.23997 6688508.54916,355393.67064 6688513.78912,355391.79283 6688531.03199,355375.95199 6688701.26618,355374.66862 6688715.67093,355374.76854 6688718.05730)"
90967,"LINESTRING(355374.76854 6688718.05730,355374.66862 6688715.67093,355375.95199 6688701.26618,355391.79283 6688531.03199,355393.67064 6688513.78912,355394.23997 6688508.54916)"
91509,"LINESTRING(355082.61719 6688866.00577,355078.48412 6688864.67589,355074.34010 6688862.50104,355066.71669 6688859.02528)"
91920,"LINESTRING(355684.71635 6689706.80016,355667.41138 6689706.43039,355652.37877 6689706.68610)"
93325,"LINESTRING(355743.34123 6688642.20726,355741.24762 6688642.58395)"
93326,"LINESTRING(355741.24762 6688642.58395,355743.34123 6688642.20726)"
93356,"LINESTRING(355774.51353 6688643.44635,355762.21671 6688641.88600,355754.51262 6688641.60726,355749.99958 6688642.10127,355743.34123 6688642.20726)"
93357,"LINESTRING(355870.63720 6688652.53286,355858.09179 6688653.23414,355837.45512 6688650.22981,355835.12218 6688649.87481,355832.30678 6688649.43639,355827.79331 6688648.73987)"
93358,"LINESTRING(355827.79331 6688648.73987,355809.25953 6688645.91474)"
93359,"LINESTRING(355809.25953 6688645.91474,355802.16614 6688645.44494,355794.66236 6688645.22135)"
93360,"LINESTRING(355794.66236 6688645.22135,355791.34757 6688644.80062)"
93361,"LINESTRING(355791.34757 6688644.80062,355783.83332 6688644.13260)"
93362,"LINESTRING(355783.83332 6688644.13260,355774.51353 6688643.44635)"
93363,"LINESTRING(355870.63720 6688652.53286,355884.93313 6688655.89184,355898.05142 6688659.99747,355911.98083 6688665.54727)"
93364,"LINESTRING(355911.98083 6688665.54727,355898.05142 6688659.99747,355884.93313 6688655.89184,355870.63720 6688652.53286)"
93386,"LINESTRING(355743.34123 6688642.20726,355750.40311 6688638.45085,355759.73070 6688637.30078,355766.75445 6688637.35175,355771.85344 6688637.15773,355774.37303 6688637.06801)"
94237,"LINESTRING(355770.58965 6690071.63742,355766.84735 6690069.70599)"
9425,"LINESTRING(355847.31443 6688871.77371,355838.09423 6688902.51321)"
9426,"LINESTRING(355838.09423 6688902.51321,355833.14981 6688918.26385,355826.40595 6688940.67164,355824.82878 6688945.92518,355822.19833 6688949.34802)"
9427,"LINESTRING(355817.14630 6688971.38009,355814.09659 6688980.54600,355808.02376 6689000.38946,355794.49348 6689043.53867,355785.16539 6689072.66009)"
9428,"LINESTRING(355785.16539 6689072.66009,355777.58104 6689097.57536,355775.69334 6689104.01509)"
95285,"LINESTRING(355458.74022 6688706.55451,355428.93658 6688714.57297)"
95286,"LINESTRING(355428.93658 6688714.57297,355458.74022 6688706.55451)"
96080,"LINESTRING(355090.11396 6688991.88928,355111.00756 6688976.91830,355118.55500 6688971.47521)"
96993,"LINESTRING(356016.08687 6689593.40103,356015.25039 6689588.75399,356017.22449 6689581.70853,356022.12385 6689571.62384,356026.71903 6689562.17976,356028.01224 6689558.44467,356028.97097 6689553.11556,356029.48015 6689551.42840,356033.43064 6689542.76696,356036.35760 6689538.04758,356043.25155 6689532.71008)"
980,"LINESTRING(355603.69981 6689048.25097,355606.36698 6689044.54774,355608.95680 6689040.94912,355617.29688 6689028.21774)"
981,"LINESTRING(355617.29688 6689028.21774,355613.02161 6689042.28330,355611.53943 6689047.86522,355610.99479 6689051.30129)"
